"year","sex","cancer.type","measure","obs","suppress","obs_trend"
2005,1,"All cancers","Counts",7724,0,7897.96719254214
2005,1,"All cancers","ltr",0.60871683750411,0,NA
2005,1,"All cancers","Rates",694.158495417868,0,719.24318500153
2005,1,"Colorectal","Counts",925,0,913.200000000836
2005,1,"Colorectal","ltr",0.113208226419822,0,NA
2005,1,"Colorectal","Rates",83.3582245722548,0,82.4558251979715
2005,1,"Leukaemia","Counts",232,0,279.438596492154
2005,1,"Leukaemia","ltr",0.0229909321967331,0,NA
2005,1,"Leukaemia","Rates",21.4992539981362,0,25.5608662609949
2005,1,"Lung","Counts",775,0,814.304093569838
2005,1,"Lung","ltr",0.0954738408927345,0,NA
2005,1,"Lung","Rates",69.747337088185,0,75.4309756833165
2005,1,"Lymphoma","Counts",283,0,278.532016768938
2005,1,"Lymphoma","ltr",0.0268301423560967,0,NA
2005,1,"Lymphoma","Rates",25.9734211971844,0,25.1030093570683
2005,1,"Melanoma","Counts",1086,0,1040.27272727443
2005,1,"Melanoma","ltr",0.101747127329947,0,NA
2005,1,"Melanoma","Rates",95.1080004893597,0,92.7170009084613
2005,1,"Pancreatic","Counts",218,0,210.928571428567
2005,1,"Pancreatic","ltr",0.0247698606011156,0,NA
2005,1,"Pancreatic","Rates",20.6535717490439,0,19.6316481791879
2005,1,"Prostate","Counts",2136,0,2236.39102056238
2005,1,"Prostate","ltr",0.230295092062463,0,NA
2005,1,"Prostate","Rates",190.46827185904,0,199.825348843603
2005,2,"All cancers","Counts",6092,0,5994.10675298712
2005,2,"All cancers","ltr",0.455481488926383,0,NA
2005,2,"All cancers","Rates",497.354769631573,0,491.063960807901
2005,2,"Breast (female)","Counts",1619,0,1653.9642857143
2005,2,"Breast (female)","ltr",0.138839791205141,0,NA
2005,2,"Breast (female)","Rates",133.107407331159,0,135.128038274828
2005,2,"Colorectal","Counts",792,0,849.795321637426
2005,2,"Colorectal","ltr",0.0878885599818808,0,NA
2005,2,"Colorectal","Rates",64.2149603637182,0,68.529101709405
2005,2,"Leukaemia","Counts",180,0,222.350877192982
2005,2,"Leukaemia","ltr",0.0172549127678607,0,NA
2005,2,"Leukaemia","Rates",14.3784888217271,0,17.9916579999313
2005,2,"Lung","Counts",472,0,470.047619047582
2005,2,"Lung","ltr",0.0518460644341665,0,NA
2005,2,"Lung","Rates",38.761091911749,0,37.6383539178987
2005,2,"Lymphoma","Counts",268,0,244.222222223597
2005,2,"Lymphoma","ltr",0.0237284388348808,0,NA
2005,2,"Lymphoma","Rates",22.1199777004793,0,22.6076008942119
2005,2,"Melanoma","Counts",805,0,755.769230769249
2005,2,"Melanoma","ltr",0.066785780623364,0,NA
2005,2,"Melanoma","Rates",66.7367298145436,0,62.9452541880497
2005,2,"Pancreatic","Counts",137,0,168.584795321633
2005,2,"Pancreatic","ltr",0.0148384418434767,0,NA
2005,2,"Pancreatic","Rates",10.5908553284459,0,14.2613781585845
2005,3,"All cancers","Counts",13816,0,13944.2363636362
2005,3,"All cancers","ltr",0.533633336278532,0,NA
2005,3,"All cancers","Rates",587.367388977612,0,594.242351480637
2005,3,"Colorectal","Counts",1717,0,1834.75641025641
2005,3,"Colorectal","ltr",0.100273086889085,0,NA
2005,3,"Colorectal","Rates",73.7349406065715,0,78.2498087184754
2005,3,"Leukaemia","Counts",412,0,470.08333333565
2005,3,"Leukaemia","ltr",0.0200963688408512,0,NA
2005,3,"Leukaemia","Rates",17.2849545238049,0,19.9506894235094
2005,3,"Lung","Counts",1247,0,1316.81818181818
2005,3,"Lung","ltr",0.0727353418199286,0,NA
2005,3,"Lung","Rates",53.3482695222071,0,55.0773081349974
2005,3,"Lymphoma","Counts",551,0,533.982339404575
2005,3,"Lymphoma","ltr",0.0251502941480004,0,NA
2005,3,"Lymphoma","Rates",23.54878956271,0,22.7215457360428
2005,3,"Melanoma","Counts",1891,0,1789.40909090912
2005,3,"Melanoma","ltr",0.0838319453297215,0,NA
2005,3,"Melanoma","Rates",80.1251870104038,0,76.6051240160473
2005,3,"Pancreatic","Counts",355,0,359.163636364357
2005,3,"Pancreatic","ltr",0.0197316073251449,0,NA
2005,3,"Pancreatic","Rates",15.1421395452261,0,15.2558578767853
2006,1,"All cancers","Counts",8238,0,8215.44709643975
2006,1,"All cancers","ltr",0.623386102631755,0,NA
2006,1,"All cancers","Rates",719.846175424784,0,718.066132892823
2006,1,"Colorectal","Counts",911,0,971.600000000474
2006,1,"Colorectal","ltr",0.105119218255969,0,NA
2006,1,"Colorectal","Rates",80.4749997527982,0,85.058921918886
2006,1,"Leukaemia","Counts",367,0,289.288957689098
2006,1,"Leukaemia","ltr",0.0408180029691784,0,NA
2006,1,"Leukaemia","Rates",31.2793249456143,0,25.524521178347
2006,1,"Lung","Counts",923,0,835.830409358973
2006,1,"Lung","ltr",0.11568671229135,0,NA
2006,1,"Lung","Rates",82.8290988612596,0,74.6646430985345
2006,1,"Lymphoma","Counts",313,0,296.057230829799
2006,1,"Lymphoma","ltr",0.0337624700989497,0,NA
2006,1,"Lymphoma","Rates",26.6862007763939,0,25.8079174099269
2006,1,"Melanoma","Counts",1039,0,1086.78181818318
2006,1,"Melanoma","ltr",0.0996697199080575,0,NA
2006,1,"Melanoma","Rates",90.1248697675263,0,93.5232782392735
2006,1,"Pancreatic","Counts",232,0,202.857142857139
2006,1,"Pancreatic","ltr",0.0217665559759628,0,NA
2006,1,"Pancreatic","Rates",20.7399553833267,0,18.1727038645182
2006,1,"Prostate","Counts",2374,0,2383.99071568757
2006,1,"Prostate","ltr",0.243366892519901,0,NA
2006,1,"Prostate","Rates",203.107928042373,0,203.859459644924
2006,2,"All cancers","Counts",6221,0,6228.63061742235
2006,2,"All cancers","ltr",0.452472627504144,0,NA
2006,2,"All cancers","Rates",490.301383627566,0,493.955973130483
2006,2,"Breast (female)","Counts",1764,0,1703.78571428572
2006,2,"Breast (female)","ltr",0.141396159318762,0,NA
2006,2,"Breast (female)","Rates",139.353186499742,0,135.130756459125
2006,2,"Colorectal","Counts",901,0,858.852081183348
2006,2,"Colorectal","ltr",0.0917264715464631,0,NA
2006,2,"Colorectal","Rates",71.2601188199902,0,67.4102018607614
2006,2,"Leukaemia","Counts",201,0,225.505675954591
2006,2,"Leukaemia","ltr",0.0185711273483102,0,NA
2006,2,"Leukaemia","Rates",16.7276601301266,0,17.7599414178072
2006,2,"Lung","Counts",495,0,496.561904761875
2006,2,"Lung","ltr",0.0501788922002147,0,NA
2006,2,"Lung","Rates",39.0550900977713,0,38.3483218503427
2006,2,"Lymphoma","Counts",269,0,257.614379086123
2006,2,"Lymphoma","ltr",0.0254858354294206,0,NA
2006,2,"Lymphoma","Rates",21.4259009758496,0,21.8406845127539
2006,2,"Melanoma","Counts",733,0,789.769230769249
2006,2,"Melanoma","ltr",0.0599414609051755,0,NA
2006,2,"Melanoma","Rates",59.1852710517811,0,63.2808442400287
2006,2,"Pancreatic","Counts",99,0,177.587891296866
2006,2,"Pancreatic","ltr",0.0100958226724048,0,NA
2006,2,"Pancreatic","Rates",7.09157202484235,0,14.4119201422686
2006,3,"All cancers","Counts",14459,0,14466.606060606
2006,3,"All cancers","ltr",0.540319130480305,0,NA
2006,3,"All cancers","Rates",595.234968155655,0,596.265532243616
2006,3,"Colorectal","Counts",1812,0,1862.22494172493
2006,3,"Colorectal","ltr",0.0984312729145721,0,NA
2006,3,"Colorectal","Rates",75.5297475576864,0,77.2816750898735
2006,3,"Leukaemia","Counts",568,0,499.023809525528
2006,3,"Leukaemia","ltr",0.028901696262615,0,NA
2006,3,"Leukaemia","Rates",23.5065661019462,0,20.5186275747872
2006,3,"Lung","Counts",1418,0,1350.23636363636
2006,3,"Lung","ltr",0.0810483853350158,0,NA
2006,3,"Lung","Rates",58.8925614150342,0,55.1022615287025
2006,3,"Lymphoma","Counts",582,0,561.549139561661
2006,3,"Lymphoma","ltr",0.0293181928531502,0,NA
2006,3,"Lymphoma","Rates",23.6988364986198,0,23.1966364822238
2006,3,"Melanoma","Counts",1772,0,1871.78181818183
2006,3,"Melanoma","ltr",0.0790679193810115,0,NA
2006,3,"Melanoma","Rates",73.3678962690941,0,77.432392266777
2006,3,"Pancreatic","Counts",331,0,371.727272727934
2006,3,"Pancreatic","ltr",0.0159330841226343,0,NA
2006,3,"Pancreatic","Rates",13.8103518687581,0,15.4797891024642
2007,1,"All cancers","Counts",8692,0,8529.48466689157
2007,1,"All cancers","ltr",0.624827543210587,0,NA
2007,1,"All cancers","Rates",731.358514138706,0,716.889080784116
2007,1,"Colorectal","Counts",1090,0,1030.00000000007
2007,1,"Colorectal","ltr",0.117259399294085,0,NA
2007,1,"Colorectal","Rates",92.3351451696957,0,87.6620186398004
2007,1,"Leukaemia","Counts",230,0,299.139318886044
2007,1,"Leukaemia","ltr",0.0259138784462057,0,NA
2007,1,"Leukaemia","Rates",18.8502776446223,0,25.4881760956993
2007,1,"Lung","Counts",821,0,857.356725148109
2007,1,"Lung","ltr",0.100552756019807,0,NA
2007,1,"Lung","Rates",69.9450398587044,0,73.8983105137522
2007,1,"Lymphoma","Counts",309,0,313.730996241876
2007,1,"Lymphoma","ltr",0.0309588722800198,0,NA
2007,1,"Lymphoma","Rates",26.0942200964184,0,26.5128254627856
2007,1,"Melanoma","Counts",1092,0,1133.29090909192
2007,1,"Melanoma","ltr",0.102776280942853,0,NA
2007,1,"Melanoma","Rates",90.7271589572318,0,94.3295555700855
2007,1,"Pancreatic","Counts",167,0,194.785714285712
2007,1,"Pancreatic","ltr",0.017011394817707,0,NA
2007,1,"Pancreatic","Rates",13.9289709906819,0,16.769079751576
2007,1,"Prostate","Counts",2663,0,2523.97544781735
2007,1,"Prostate","ltr",0.258327937570707,0,NA
2007,1,"Prostate","Rates",219.900812667476,0,207.352117131968
2007,2,"All cancers","Counts",6352,0,6463.59095818687
2007,2,"All cancers","ltr",0.448052594074937,0,NA
2007,2,"All cancers","Rates",488.161880252413,0,496.847985453064
2007,2,"Breast (female)","Counts",1676,0,1753.60714285716
2007,2,"Breast (female)","ltr",0.133922193072938,0,NA
2007,2,"Breast (female)","Rates",129.157924205612,0,135.133474643419
2007,2,"Colorectal","Counts",1001,0,867.908840729273
2007,2,"Colorectal","ltr",0.0984737441448837,0,NA
2007,2,"Colorectal","Rates",76.9637825732298,0,66.2913020121182
2007,2,"Leukaemia","Counts",258,0,228.660474716202
2007,2,"Leukaemia","ltr",0.0228981158090059,0,NA
2007,2,"Leukaemia","Rates",20.0725745768067,0,17.5282248356829
2007,2,"Lung","Counts",539,0,523.076190476168
2007,2,"Lung","ltr",0.0521893578901736,0,NA
2007,2,"Lung","Rates",41.04086594077,0,39.0582897827868
2007,2,"Lymphoma","Counts",303,0,271.006535948651
2007,2,"Lymphoma","ltr",0.0312256766521967,0,NA
2007,2,"Lymphoma","Rates",22.9353089104062,0,20.8003623176296
2007,2,"Melanoma","Counts",765,0,823.769230769249
2007,2,"Melanoma","ltr",0.0625030933243281,0,NA
2007,2,"Melanoma","Rates",60.2172910237694,0,63.6164342920076
2007,2,"Pancreatic","Counts",248,0,186.590987272099
2007,2,"Pancreatic","ltr",0.021971414053214,0,NA
2007,2,"Pancreatic","Rates",19.5773916568312,0,14.5624621259527
2007,3,"All cancers","Counts",15044,0,14988.9757575757
2007,3,"All cancers","ltr",0.540120352330342,0,NA
2007,3,"All cancers","Rates",600.288722152612,0,598.245530775796
2007,3,"Colorectal","Counts",2091,0,1889.69347319347
2007,3,"Colorectal","ltr",0.107603996136355,0,NA
2007,3,"Colorectal","Rates",83.8628253529985,0,76.3039951571459
2007,3,"Leukaemia","Counts",488,0,527.96428571539
2007,3,"Leukaemia","ltr",0.0244716000985125,0,NA
2007,3,"Leukaemia","Rates",19.5388627278323,0,21.0865657260649
2007,3,"Lung","Counts",1360,0,1383.65454545454
2007,3,"Lung","ltr",0.0748006005249332,0,NA
2007,3,"Lung","Rates",54.5415431100416,0,55.1272149224078
2007,3,"Lymphoma","Counts",612,0,589.357670326506
2007,3,"Lymphoma","ltr",0.0314694561044497,0,NA
2007,3,"Lymphoma","Rates",24.6138413775431,0,23.6717272284047
2007,3,"Melanoma","Counts",1857,0,1954.15454545454
2007,3,"Melanoma","ltr",0.0819255848016947,0,NA
2007,3,"Melanoma","Rates",74.469201499007,0,78.2596605175067
2007,3,"Pancreatic","Counts",415,0,384.290909091495
2007,3,"Pancreatic","ltr",0.0197813770449932,0,NA
2007,3,"Pancreatic","Rates",17.0318424966831,0,15.6831833698741
2008,1,"All cancers","Counts",8981,0,8836.63757045182
2008,1,"All cancers","ltr",0.630396992845617,0,NA
2008,1,"All cancers","Rates",731.463633187449,0,715.712028675409
2008,1,"Colorectal","Counts",1103,0,1088.39999999958
2008,1,"Colorectal","ltr",0.121481208171909,0,NA
2008,1,"Colorectal","Rates",91.061031302051,0,90.2651153607158
2008,1,"Leukaemia","Counts",365,0,308.989680082996
2008,1,"Leukaemia","ltr",0.0445132088630055,0,NA
2008,1,"Leukaemia","Rates",30.188067724857,0,25.4518310130516
2008,1,"Lung","Counts",1017,0,878.883040937249
2008,1,"Lung","ltr",0.115172497662614,0,NA
2008,1,"Lung","Rates",84.7287156594363,0,73.1319779289699
2008,1,"Lymphoma","Counts",344,0,331.701864356386
2008,1,"Lymphoma","ltr",0.0364027501783784,0,NA
2008,1,"Lymphoma","Rates",28.277176711545,0,27.2177335156445
2008,1,"Melanoma","Counts",1245,0,1179.80000000067
2008,1,"Melanoma","ltr",0.114539705543336,0,NA
2008,1,"Melanoma","Rates",100.845913629634,0,95.1358329008969
2008,1,"Pancreatic","Counts",140,0,186.714285714284
2008,1,"Pancreatic","ltr",0.0124339581386125,0,NA
2008,1,"Pancreatic","Rates",11.3748054507666,0,15.4760960420885
2008,1,"Prostate","Counts",2711,0,2648.73025395631
2008,1,"Prostate","ltr",0.257137217947618,0,NA
2008,1,"Prostate","Rates",215.537737756425,0,209.761867990456
2008,2,"All cancers","Counts",6743,0,6699.42425160999
2008,2,"All cancers","ltr",0.45194094765574,0,NA
2008,2,"All cancers","Rates",501.220804086402,0,499.739997775646
2008,2,"Breast (female)","Counts",1876,0,1803.42857142858
2008,2,"Breast (female)","ltr",0.142447699644956,0,NA
2008,2,"Breast (female)","Rates",139.999934569592,0,135.136192827711
2008,2,"Colorectal","Counts",862,0,876.965600275194
2008,2,"Colorectal","ltr",0.0837828401558937,0,NA
2008,2,"Colorectal","Rates",63.9225771462011,0,65.1724021634745
2008,2,"Leukaemia","Counts",259,0,231.815273477811
2008,2,"Leukaemia","ltr",0.0188083273300537,0,NA
2008,2,"Leukaemia","Rates",19.1917127383199,0,17.2965082535585
2008,2,"Lung","Counts",483,0,549.59047619046
2008,2,"Lung","ltr",0.0501846006995912,0,NA
2008,2,"Lung","Rates",35.766530959156,0,39.7682577152311
2008,2,"Lymphoma","Counts",241,0,284.398692811184
2008,2,"Lymphoma","ltr",0.0202350397093999,0,NA
2008,2,"Lymphoma","Rates",18.2293139664848,0,19.3043637663945
2008,2,"Melanoma","Counts",897,0,857.769230769249
2008,2,"Melanoma","ltr",0.0697674708274026,0,NA
2008,2,"Melanoma","Rates",67.8711279392271,0,63.9520243439866
2008,2,"Pancreatic","Counts",287,0,195.594083247332
2008,2,"Pancreatic","ltr",0.0253407276186446,0,NA
2008,2,"Pancreatic","Rates",21.9963930732981,0,14.7130041096366
2008,3,"All cancers","Counts",15724,0,15511.3454545453
2008,3,"All cancers","ltr",0.544315936803795,0,NA
2008,3,"All cancers","Rates",607.55105998905,0,600.13916484638
2008,3,"Colorectal","Counts",1965,0,1917.162004662
2008,3,"Colorectal","ltr",0.101654737429983,0,NA
2008,3,"Colorectal","Rates",76.8756324365675,0,75.3072226161666
2008,3,"Leukaemia","Counts",624,0,556.904761905217
2008,3,"Leukaemia","ltr",0.0306740729463663,0,NA
2008,3,"Leukaemia","Rates",24.4592891112454,0,21.6545038773429
2008,3,"Lung","Counts",1500,0,1417.07272727272
2008,3,"Lung","ltr",0.0812046573482532,0,NA
2008,3,"Lung","Rates",58.3842570967481,0,55.1521683161131
2008,3,"Lymphoma","Counts",585,0,617.649662306869
2008,3,"Lymphoma","ltr",0.027586863839709,0,NA
2008,3,"Lymphoma","Rates",22.4979460817629,0,24.1468179745857
2008,3,"Melanoma","Counts",2142,0,2036.52727272728
2008,3,"Melanoma","ltr",0.0910330200178413,0,NA
2008,3,"Melanoma","Rates",83.0606175729383,0,79.0869287682365
2008,3,"Pancreatic","Counts",427,0,396.854545455023
2008,3,"Pancreatic","ltr",0.0194411957341042,0,NA
2008,3,"Pancreatic","Rates",17.1233378262211,0,15.8455037207456
2009,1,"All cancers","Counts",9127,0,9133.46347367471
2009,1,"All cancers","ltr",0.616903813402005,0,NA
2009,1,"All cancers","Rates",720.536099453155,0,714.534976566703
2009,1,"Colorectal","Counts",1121,0,1146.79999999904
2009,1,"Colorectal","ltr",0.113584864363242,0,NA
2009,1,"Colorectal","Rates",91.0806924022031,0,92.8682120816302
2009,1,"Leukaemia","Counts",314,0,318.840041279955
2009,1,"Leukaemia","ltr",0.0293802584885936,0,NA
2009,1,"Leukaemia","Rates",25.2468035708755,0,25.4154859304042
2009,1,"Lung","Counts",831,0,900.409356726393
2009,1,"Lung","ltr",0.0923222498302176,0,NA
2009,1,"Lung","Rates",66.7765999186019,0,72.3656453441877
2009,1,"Lymphoma","Counts",341,0,350.118386524545
2009,1,"Lymphoma","ltr",0.0345381536392544,0,NA
2009,1,"Lymphoma","Rates",26.9113692259174,0,27.9226415685036
2009,1,"Melanoma","Counts",1201,0,1226.30909090942
2009,1,"Melanoma","ltr",0.109719513581227,0,NA
2009,1,"Melanoma","Rates",94.418576900194,0,95.9421102317075
2009,1,"Pancreatic","Counts",184,0,178.642857142855
2009,1,"Pancreatic","ltr",0.0199212598869477,0,NA
2009,1,"Pancreatic","Rates",14.5142137565995,0,14.3306328705409
2009,1,"Prostate","Counts",2797,0,2750.64017110904
2009,1,"Prostate","ltr",0.249470288257549,0,NA
2009,1,"Prostate","Rates",213.859773099133,0,210.547258906112
2009,2,"All cancers","Counts",6986,0,6936.566974021
2009,2,"All cancers","ltr",0.463219223408993,0,NA
2009,2,"All cancers","Rates",508.722718564619,0,502.632010098228
2009,2,"Breast (female)","Counts",1835,0,1853.25
2009,2,"Breast (female)","ltr",0.141569885825028,0,NA
2009,2,"Breast (female)","Rates",133.704973729721,0,135.138911011998
2009,2,"Colorectal","Counts",812,0,886.02235982112
2009,2,"Colorectal","ltr",0.0762310114690778,0,NA
2009,2,"Colorectal","Rates",58.6214997797055,0,64.0535023148309
2009,2,"Leukaemia","Counts",270,0,234.970072239422
2009,2,"Leukaemia","ltr",0.0223627666616039,0,NA
2009,2,"Leukaemia","Rates",19.584986908147,0,17.0647916714337
2009,2,"Lung","Counts",658,0,576.104761904746
2009,2,"Lung","ltr",0.0629408751632257,0,NA
2009,2,"Lung","Rates",47.6807785905854,0,40.4782256476757
2009,2,"Lymphoma","Counts",235,0,297.790849673726
2009,2,"Lymphoma","ltr",0.0242117388717826,0,NA
2009,2,"Lymphoma","Rates",17.3774693392632,0,17.5349594014932
2009,2,"Melanoma","Counts",853,0,891.769230769249
2009,2,"Melanoma","ltr",0.0668084041499732,0,NA
2009,2,"Melanoma","Rates",64.0717516307165,0,64.2876143959656
2009,2,"Pancreatic","Counts",217,0,204.597179222561
2009,2,"Pancreatic","ltr",0.0176632885803301,0,NA
2009,2,"Pancreatic","Rates",16.198112491673,0,14.8635460933203
2009,3,"All cancers","Counts",16113,0,16033.7151515152
2009,3,"All cancers","ltr",0.542605230102259,0,NA
2009,3,"All cancers","Rates",606.578445308501,0,601.903252224568
2009,3,"Colorectal","Counts",1933,0,1944.63053613053
2009,3,"Colorectal","ltr",0.0944574365091435,0,NA
2009,3,"Colorectal","Rates",73.9678057418497,0,74.2818111628099
2009,3,"Leukaemia","Counts",584,0,585.845238094994
2009,3,"Leukaemia","ltr",0.0258949760662915,0,NA
2009,3,"Leukaemia","Rates",22.3036414896303,0,22.2224420286207
2009,3,"Lung","Counts",1489,0,1450.49090909091
2009,3,"Lung","ltr",0.0767456820308917,0,NA
2009,3,"Lung","Rates",56.1973314143639,0,55.1771217098187
2009,3,"Lymphoma","Counts",576,0,646.66684611051
2009,3,"Lymphoma","ltr",0.0290968421723814,0,NA
2009,3,"Lymphoma","Rates",21.9282335473101,0,24.6219087207667
2009,3,"Melanoma","Counts",2054,0,2118.89999999999
2009,3,"Melanoma","ltr",0.0870891716207703,0,NA
2009,3,"Melanoma","Rates",78.1479528403827,0,79.9141970189662
2009,3,"Pancreatic","Counts",401,0,409.418181818502
2009,3,"Pancreatic","ltr",0.0184836536569074,0,NA
2009,3,"Pancreatic","Rates",15.239052501182,0,15.9462131968099
2010,1,"All cancers","Counts",9255,0,9416.66347367471
2010,1,"All cancers","ltr",0.610120238442504,0,NA
2010,1,"All cancers","Rates",709.367581796851,0,713.357924457997
2010,1,"Colorectal","Counts",1048,0,1098.4937236862
2010,1,"Colorectal","ltr",0.10933858603729,0,NA
2010,1,"Colorectal","Rates",80.378014408789,0,85.9635952979029
2010,1,"Leukaemia","Counts",390,0,328.690402476926
2010,1,"Leukaemia","ltr",0.0342913341277721,0,NA
2010,1,"Leukaemia","Rates",30.4136239476889,0,25.3791408477571
2010,1,"Lung","Counts",878,0,921.935672515544
2010,1,"Lung","ltr",0.0931506642638723,0,NA
2010,1,"Lung","Rates",68.8947042898588,0,71.5993127594054
2010,1,"Lymphoma","Counts",429,0,369.12911409757
2010,1,"Lymphoma","ltr",0.0387610654323687,0,NA
2010,1,"Lymphoma","Rates",32.9221079076176,0,28.6275496213631
2010,1,"Melanoma","Counts",1277,0,1272.81818181818
2010,1,"Melanoma","ltr",0.114651988936548,0,NA
2010,1,"Melanoma","Rates",98.6540729840946,0,96.7483875625169
2010,1,"Pancreatic","Counts",223,0,170.571428571428
2010,1,"Pancreatic","ltr",0.0242433587155733,0,NA
2010,1,"Pancreatic","Rates",17.6251561346941,0,13.2958101024481
2010,1,"Prostate","Counts",2655,0,2822.09023628015
2010,1,"Prostate","ltr",0.235742244058846,0,NA
2010,1,"Prostate","Rates",197.491388002636,0,209.166836564659
2010,2,"All cancers","Counts",7176,0,7175.4556017492
2010,2,"All cancers","ltr",0.45806333500777,0,NA
2010,2,"All cancers","Rates",507.44576680579,0,505.52402242081
2010,2,"Breast (female)","Counts",1941,0,1903.07142857142
2010,2,"Breast (female)","ltr",0.138957195984686,0,NA
2010,2,"Breast (female)","Rates",138.332115745336,0,135.141629196282
2010,2,"Colorectal","Counts",903,0,895.079119367045
2010,2,"Colorectal","ltr",0.0790420159657891,0,NA
2010,2,"Colorectal","Rates",63.496873181649,0,62.9346024661877
2010,2,"Leukaemia","Counts",171,0,238.124871001031
2010,2,"Leukaemia","ltr",0.0172311163700514,0,NA
2010,2,"Leukaemia","Rates",11.5487753202156,0,16.8330750893085
2010,2,"Lung","Counts",571,0,602.619047619039
2010,2,"Lung","ltr",0.0549968210200642,0,NA
2010,2,"Lung","Rates",39.9799764572364,0,41.1881935801207
2010,2,"Lymphoma","Counts",338,0,311.183006536278
2010,2,"Lymphoma","ltr",0.0299040481948945,0,NA
2010,2,"Lymphoma","Rates",23.6226227933669,0,21.8737167841404
2010,2,"Melanoma","Counts",986,0,925.769230769249
2010,2,"Melanoma","ltr",0.0735353901106587,0,NA
2010,2,"Melanoma","Rates",71.8618143318711,0,67.9232154975504
2010,2,"Pancreatic","Counts",213,0,213.600275197794
2010,2,"Pancreatic","ltr",0.0179258338101911,0,NA
2010,2,"Pancreatic","Rates",14.8445934019668,0,15.0140880770037
2010,3,"All cancers","Counts",16431,0,16556.0848484848
2010,3,"All cancers","ltr",0.536536422799327,0,NA
2010,3,"All cancers","Rates",600.154936443327,0,603.494610679562
2010,3,"Colorectal","Counts",1951,0,1972.09906759906
2010,3,"Colorectal","ltr",0.0936648993300271,0,NA
2010,3,"Colorectal","Rates",71.7014707107054,0,73.2182144929499
2010,3,"Leukaemia","Counts",561,0,614.78571428472
2010,3,"Leukaemia","ltr",0.0258631574206755,0,NA
2010,3,"Leukaemia","Rates",20.6964178835695,0,22.7903801798986
2010,3,"Lung","Counts",1449,0,1483.90909090909
2010,3,"Lung","ltr",0.0731030441953541,0,NA
2010,3,"Lung","Rates",53.3106343776896,0,55.2020751035245
2010,3,"Lymphoma","Counts",767,0,676.650952345188
2010,3,"Lymphoma","ltr",0.0343086498748818,0,NA
2010,3,"Lymphoma","Rates",28.2812384147326,0,25.0969994669478
2010,3,"Melanoma","Counts",2263,0,2201.27272727274
2010,3,"Melanoma","ltr",0.0928844427170814,0,NA
2010,3,"Melanoma","Rates",83.6368271130959,0,80.7414652696959
2010,3,"Pancreatic","Counts",436,0,421.981818181918
2010,3,"Pancreatic","ltr",0.0210764552288133,0,NA
2010,3,"Pancreatic","Rates",16.4731124960587,0,15.9656305463923
2011,1,"All cancers","Counts",9671,0,9686.23757045182
2011,1,"All cancers","ltr",0.619332933428303,0,NA
2011,1,"All cancers","Rates",718.642872408238,0,712.180872349291
2011,1,"Colorectal","Counts",1145,0,1109.76317803927
2011,1,"Colorectal","ltr",0.111022396389963,0,NA
2011,1,"Colorectal","Rates",87.2409477205026,0,84.1118377932071
2011,1,"Leukaemia","Counts",410,0,338.540763673909
2011,1,"Leukaemia","ltr",0.0405627664909063,0,NA
2011,1,"Leukaemia","Rates",30.9841591968231,0,25.3427957651102
2011,1,"Lung","Counts",902,0,943.461988304702
2011,1,"Lung","ltr",0.0954194710433649,0,NA
2011,1,"Lung","Rates",68.0964280139205,0,70.8329801746231
2011,1,"Lymphoma","Counts",327,0,388.882598426676
2011,1,"Lymphoma","ltr",0.0304982269400091,0,NA
2011,1,"Lymphoma","Rates",24.5653039646936,0,29.332457674223
2011,1,"Melanoma","Counts",1266,0,1319.32727272693
2011,1,"Melanoma","ltr",0.106797505274333,0,NA
2011,1,"Melanoma","Rates",93.1762326081265,0,97.5546648933251
2011,1,"Pancreatic","Counts",143,0,162.5
2011,1,"Pancreatic","ltr",0.0151280420290735,0,NA
2011,1,"Pancreatic","Rates",11.1556048813294,0,12.3163075360827
2011,1,"Prostate","Counts",2851,0,2858.00380747268
2011,1,"Prostate","ltr",0.246113878991817,0,NA
2011,1,"Prostate","Rates",204.60302653964,0,205.25963208991
2011,2,"All cancers","Counts",7208,0,7416.52661112388
2011,2,"All cancers","ltr",0.453330315705678,0,NA
2011,2,"All cancers","Rates",495.970559156382,0,508.416034743392
2011,2,"Breast (female)","Counts",1913,0,1952.89285714286
2011,2,"Breast (female)","ltr",0.137055661888714,0,NA
2011,2,"Breast (female)","Rates",132.297807712766,0,135.144347380564
2011,2,"Colorectal","Counts",862,0,904.135878912966
2011,2,"Colorectal","ltr",0.0809584637609193,0,NA
2011,2,"Colorectal","Rates",58.6467444027793,0,61.815702617544
2011,2,"Leukaemia","Counts",271,0,241.279669762641
2011,2,"Leukaemia","ltr",0.0260613489621684,0,NA
2011,2,"Leukaemia","Rates",18.7570159803849,0,16.6013585071829
2011,2,"Lung","Counts",545,0,569.258092876363
2011,2,"Lung","ltr",0.0474538639558312,0,NA
2011,2,"Lung","Rates",37.3874278803832,0,41.8981615125661
2011,2,"Lymphoma","Counts",327,0,324.575163398843
2011,2,"Lymphoma","ltr",0.0294153682618361,0,NA
2011,2,"Lymphoma","Rates",23.0014408506391,0,22.139490741565
2011,2,"Melanoma","Counts",967,0,959.769230769234
2011,2,"Melanoma","ltr",0.0679041245757642,0,NA
2011,2,"Melanoma","Rates",68.6299640613774,0,68.6431155455059
2011,2,"Pancreatic","Counts",270,0,222.603371173027
2011,2,"Pancreatic","ltr",0.0232165428195803,0,NA
2011,2,"Pancreatic","Rates",19.2799965526776,0,15.1646300606868
2011,3,"All cancers","Counts",16879,0,17078.4545454545
2011,3,"All cancers","ltr",0.539887046263204,0,NA
2011,3,"All cancers","Rates",600.295708644846,0,604.870057980564
2011,3,"Colorectal","Counts",2007,0,1999.5675990676
2011,3,"Colorectal","ltr",0.0956956822329224,0,NA
2011,3,"Colorectal","Rates",72.1346897984088,0,72.1068863024609
2011,3,"Leukaemia","Counts",681,0,643.726190474412
2011,3,"Leukaemia","ltr",0.0329595261108541,0,NA
2011,3,"Leukaemia","Rates",24.5545317313327,0,23.3583183311764
2011,3,"Lung","Counts",1447,0,1517.32727272727
2011,3,"Lung","ltr",0.0700611035552158,0,NA
2011,3,"Lung","Rates",51.5154425374991,0,55.2270284972307
2011,3,"Lymphoma","Counts",654,0,707.843711618662
2011,3,"Lymphoma","ltr",0.0299576741881435,0,NA
2011,3,"Lymphoma","Rates",23.6329125520969,0,25.5720902131287
2011,3,"Melanoma","Counts",2233,0,2283.64545454545
2011,3,"Melanoma","ltr",0.0864569862996009,0,NA
2011,3,"Melanoma","Rates",79.9589017423727,0,81.5687335204257
2011,3,"Pancreatic","Counts",413,0,434.545454545268
2011,3,"Pancreatic","ltr",0.0192864022916623,0,NA
2011,3,"Pancreatic","Rates",15.4424946304118,0,15.9037557694928
2012,1,"All cancers","Counts",10012,0,9945.48466689157
2012,1,"All cancers","ltr",0.617810446827348,0,NA
2012,1,"All cancers","Rates",718.873156223597,0,711.003820240586
2012,1,"Colorectal","Counts",1138,0,1121.90498721583
2012,1,"Colorectal","ltr",0.105357422101693,0,NA
2012,1,"Colorectal","Rates",82.8097426351318,0,82.2600802885113
2012,1,"Leukaemia","Counts",344,0,348.391124870908
2012,1,"Leukaemia","ltr",0.0327920137042086,0,NA
2012,1,"Leukaemia","Rates",25.1306379806816,0,25.3064506824639
2012,1,"Lung","Counts",927,0,964.98830409387
2012,1,"Lung","ltr",0.0989215475127513,0,NA
2012,1,"Lung","Rates",68.2939140537655,0,70.0666475898408
2012,1,"Lymphoma","Counts",372,0,409.52739086308
2012,1,"Lymphoma","ltr",0.0371846405418507,0,NA
2012,1,"Lymphoma","Rates",26.6200245970306,0,30.0373657270834
2012,1,"Melanoma","Counts",1412,0,1365.83636363568
2012,1,"Melanoma","ltr",0.115671740491564,0,NA
2012,1,"Melanoma","Rates",102.231487190759,0,98.3609422241321
2012,1,"Pancreatic","Counts",238,0,219.64147362684
2012,1,"Pancreatic","ltr",0.0204693112739834,0,NA
2012,1,"Pancreatic","Rates",16.9915099070409,0,16.0219503585245
2012,1,"Prostate","Counts",2885,0,2863.45752668358
2012,1,"Prostate","ltr",0.235957381714108,0,NA
2012,1,"Prostate","Rates",198.017249924839,0,199.186614358051
2012,2,"All cancers","Counts",7701,0,7660.07098636458
2012,2,"All cancers","ltr",0.462472545799105,0,NA
2012,2,"All cancers","Rates",515.779172394077,0,511.308047065973
2012,2,"Breast (female)","Counts",2182,0,2089.06701053382
2012,2,"Breast (female)","ltr",0.152477615072497,0,NA
2012,2,"Breast (female)","Rates",147.709994134233,0,141.099744313661
2012,2,"Colorectal","Counts",876,0,913.192638458891
2012,2,"Colorectal","ltr",0.0738895293510415,0,NA
2012,2,"Colorectal","Rates",57.1889474789528,0,60.6968027689004
2012,2,"Leukaemia","Counts",309,0,244.434468524251
2012,2,"Leukaemia","ltr",0.0240103649750165,0,NA
2012,2,"Leukaemia","Rates",21.0532777959628,0,16.3696419250566
2012,2,"Lung","Counts",545,0,612.931869224204
2012,2,"Lung","ltr",0.0502613290371458,0,NA
2012,2,"Lung","Rates",36.2780375611124,0,42.6081294450121
2012,2,"Lymphoma","Counts",350,0,337.967320261425
2012,2,"Lymphoma","ltr",0.0292555799000631,0,NA
2012,2,"Lymphoma","Rates",24.2577161710711,0,22.4052646989894
2012,2,"Melanoma","Counts",988,0,993.769230769234
2012,2,"Melanoma","ltr",0.0694495880042555,0,NA
2012,2,"Melanoma","Rates",67.2503288849218,0,69.2590766258562
2012,2,"Pancreatic","Counts",233,0,231.60646714826
2012,2,"Pancreatic","ltr",0.020650649209621,0,NA
2012,2,"Pancreatic","Rates",15.264277769806,0,15.3151720443694
2012,3,"All cancers","Counts",17713,0,17600.8242424243
2012,3,"All cancers","ltr",0.543205206423261,0,NA
2012,3,"All cancers","Rates",610.777568884059,0,605.986411896774
2012,3,"Colorectal","Counts",2014,0,2027.03613053613
2012,3,"Colorectal","ltr",0.0890951609525067,0,NA
2012,3,"Colorectal","Rates",69.2298486004895,0,70.9382802872169
2012,3,"Leukaemia","Counts",653,0,672.666666664087
2012,3,"Leukaemia","ltr",0.0283893698468233,0,NA
2012,3,"Leukaemia","Rates",23.163520054492,0,23.9262564824542
2012,3,"Lung","Counts",1472,0,1550.74545454545
2012,3,"Lung","ltr",0.0736583817388154,0,NA
2012,3,"Lung","Rates",51.2511194481768,0,55.2519818909372
2012,3,"Lymphoma","Counts",722,0,740.486854538691
2012,3,"Lymphoma","ltr",0.0328839149809389,0,NA
2012,3,"Lymphoma","Rates",25.3168123528651,0,26.0471809593097
2012,3,"Melanoma","Counts",2400,0,2366.01818181816
2012,3,"Melanoma","ltr",0.0919554054249803,0,NA
2012,3,"Melanoma","Rates",83.677369803258,0,82.3960017711556
2012,3,"Pancreatic","Counts",471,0,447.109090908571
2012,3,"Pancreatic","ltr",0.0206912005198069,0,NA
2012,3,"Pancreatic","Rates",16.2266987426709,0,15.7802701177859
2013,1,"All cancers","Counts",10171,0,10197.8470964398
2013,1,"All cancers","ltr",0.609428349586545,0,NA
2013,1,"All cancers","Rates",706.982011260095,0,709.826768131882
2013,1,"Colorectal","Counts",1093,0,1135.35532862763
2013,1,"Colorectal","ltr",0.0989970962947343,0,NA
2013,1,"Colorectal","Rates",77.7522085176753,0,80.4083227838155
2013,1,"Leukaemia","Counts",240,0,358.241486067926
2013,1,"Leukaemia","ltr",0.0193502729758417,0,NA
2013,1,"Leukaemia","Rates",16.7407291932649,0,25.2701055998179
2013,1,"Lung","Counts",989,0,986.514619883049
2013,1,"Lung","ltr",0.0901954338511898,0,NA
2013,1,"Lung","Rates",69.0772091918449,0,69.3003150050586
2013,1,"Lymphoma","Counts",403,0,431.212042757999
2013,1,"Lymphoma","ltr",0.0370261397138033,0,NA
2013,1,"Lymphoma","Rates",28.366434805422,0,30.7422737799445
2013,1,"Melanoma","Counts",1428,0,1412.34545454444
2013,1,"Melanoma","ltr",0.11506138346911,0,NA
2013,1,"Melanoma","Rates",99.0296518805359,0,99.1672195549383
2013,1,"Pancreatic","Counts",262,0,255.903293842618
2013,1,"Pancreatic","ltr",0.0241153226563514,0,NA
2013,1,"Pancreatic","Rates",19.1541950056602,0,18.0481213628735
2013,1,"Prostate","Counts",2930,0,2846.06635690826
2013,1,"Prostate","ltr",0.23219945672937,0,NA
2013,1,"Prostate","Rates",196.396549991066,0,191.489236683361
2013,2,"All cancers","Counts",7984,0,7905.79774325177
2013,2,"All cancers","ltr",0.466651322002316,0,NA
2013,2,"All cancers","Rates",522.2850238628,0,514.200059388556
2013,2,"Breast (female)","Counts",2186,0,2159.41543297539
2013,2,"Breast (female)","ltr",0.151262689469027,0,NA
2013,2,"Breast (female)","Rates",144.384237454729,0,142.228312960712
2013,2,"Colorectal","Counts",868,0,922.249398004813
2013,2,"Colorectal","ltr",0.0755230182620017,0,NA
2013,2,"Colorectal","Rates",55.401160377943,0,59.5779029202572
2013,2,"Leukaemia","Counts",244,0,247.589267285861
2013,2,"Leukaemia","ltr",0.0170668630115081,0,NA
2013,2,"Leukaemia","Rates",15.5517701499851,0,16.1379253429296
2013,2,"Lung","Counts",665,0,656.432893556829
2013,2,"Lung","ltr",0.0586270245903779,0,NA
2013,2,"Lung","Rates",43.0750351890401,0,43.3180973774588
2013,2,"Lymphoma","Counts",380,0,351.359477124024
2013,2,"Lymphoma","ltr",0.0297332269971176,0,NA
2013,2,"Lymphoma","Rates",25.085445800701,0,22.6710386564135
2013,2,"Melanoma","Counts",1051,0,1027.76923076923
2013,2,"Melanoma","ltr",0.07165565678796,0,NA
2013,2,"Melanoma","Rates",70.2462271009107,0,69.7191292547989
2013,2,"Pancreatic","Counts",168,0,240.609563123493
2013,2,"Pancreatic","ltr",0.0162447617277119,0,NA
2013,2,"Pancreatic","Rates",10.8038231207505,0,15.4657140280516
2013,3,"All cancers","Counts",18155,0,18123.193939394
2013,3,"All cancers","ltr",0.540935207148707,0,NA
2013,3,"All cancers","Rates",609.070306296641,0,606.800490197396
2013,3,"Colorectal","Counts",1961,0,2054.50466200466
2013,3,"Colorectal","ltr",0.0870938655696567,0,NA
2013,3,"Colorectal","Rates",66.2186524480742,0,69.7028501430923
2013,3,"Leukaemia","Counts",484,0,553.014056600419
2013,3,"Leukaemia","ltr",0.0181408637261119,0,NA
2013,3,"Leukaemia","Rates",16.2689867547202,0,19.5021679293618
2013,3,"Lung","Counts",1654,0,1584.16363636364
2013,3,"Lung","ltr",0.0741078987676135,0,NA
2013,3,"Lung","Rates",55.3604665579891,0,55.2769352846442
2013,3,"Lymphoma","Counts",783,0,774.822111713035
2013,3,"Lymphoma","ltr",0.0333338503375922,0,NA
2013,3,"Lymphoma","Rates",26.7611802543119,0,26.5222717054907
2013,3,"Melanoma","Counts",2479,0,2448.3909090909
2013,3,"Melanoma","ltr",0.0929605150766574,0,NA
2013,3,"Melanoma","Rates",83.9156406503548,0,83.2232700218854
2013,3,"Pancreatic","Counts",430,0,459.67272727184
2013,3,"Pancreatic","ltr",0.0201798893108422,0,NA
2013,3,"Pancreatic","Rates",14.8838567296545,0,15.6157105495409
2014,1,"All cancers","Counts",10435,0,10446.7671925421
2014,1,"All cancers","ltr",0.608172386501234,0,NA
2014,1,"All cancers","Rates",706.267240633454,0,708.649716023178
2014,1,"Colorectal","Counts",1164,0,1150.40498721583
2014,1,"Colorectal","ltr",0.0984561422845954,0,NA
2014,1,"Colorectal","Rates",79.5952388069268,0,78.5565652791197
2014,1,"Leukaemia","Counts",298,0,368.091847264965
2014,1,"Leukaemia","ltr",0.0262496821828511,0,NA
2014,1,"Leukaemia","Rates",20.3363938801088,0,25.2337605171726
2014,1,"Lung","Counts",954,0,1008.04093567224
2014,1,"Lung","ltr",0.0884359638602377,0,NA
2014,1,"Lung","Rates",64.9133085401829,0,68.5339824202763
2014,1,"Lymphoma","Counts",497,0,454.078915823015
2014,1,"Lymphoma","ltr",0.0384255666027379,0,NA
2014,1,"Lymphoma","Rates",34.4367418511337,0,31.4471818328062
2014,1,"Melanoma","Counts",1480,0,1458.8545454532
2014,1,"Melanoma","ltr",0.117907273804772,0,NA
2014,1,"Melanoma","Rates",101.287787593144,0,99.9734968857439
2014,1,"Pancreatic","Counts",297,0,288.764443273278
2014,1,"Pancreatic","ltr",0.0230475371899628,0,NA
2014,1,"Pancreatic","Rates",20.1470841622464,0,19.8299811405918
2014,1,"Prostate","Counts",2712,0,2813.44526114211
2014,1,"Prostate","ltr",0.217031383742079,0,NA
2014,1,"Prostate","Rates",177.044900540158,0,182.708952380115
2014,2,"All cancers","Counts",8180,0,8153.27040545614
2014,2,"All cancers","ltr",0.469414614229348,0,NA
2014,2,"All cancers","Rates",518.834820842276,0,517.092071711138
2014,2,"Breast (female)","Counts",2265,0,2227.18993679387
2014,2,"Breast (female)","ltr",0.154699784862664,0,NA
2014,2,"Breast (female)","Rates",145.49067434445,0,143.142228434921
2014,2,"Colorectal","Counts",942,0,931.306157550738
2014,2,"Colorectal","ltr",0.0818711937830553,0,NA
2014,2,"Colorectal","Rates",58.4324336664955,0,58.4590030716136
2014,2,"Leukaemia","Counts",213,0,250.74406604747
2014,2,"Leukaemia","ltr",0.0156035372834954,0,NA
2014,2,"Leukaemia","Rates",13.3742801959817,0,15.9062087608018
2014,2,"Lung","Counts",682,0,699.674789866632
2014,2,"Lung","ltr",0.058767619925711,0,NA
2014,2,"Lung","Rates",42.4927500064758,0,44.0280653099062
2014,2,"Lymphoma","Counts",383,0,364.751633986645
2014,2,"Lymphoma","ltr",0.0288957838554679,0,NA
2014,2,"Lymphoma","Rates",24.3956653188768,0,22.9368126138374
2014,2,"Melanoma","Counts",1092,0,1061.76923076923
2014,2,"Melanoma","ltr",0.0718547147722898,0,NA
2014,2,"Melanoma","Rates",71.9216005513238,0,69.9713039485315
2014,2,"Pancreatic","Counts",181,0,249.612659098722
2014,2,"Pancreatic","ltr",0.0124854839373987,0,NA
2014,2,"Pancreatic","Rates",11.8014000319391,0,15.6162560117333
2014,3,"All cancers","Counts",18615,0,18645.5636363636
2014,3,"All cancers","ltr",0.541144998608704,0,NA
2014,3,"All cancers","Rates",605.566978551674,0,607.270909911246
2014,3,"Colorectal","Counts",2106,0,2081.97319347319
2014,3,"Colorectal","ltr",0.0902787295603318,0,NA
2014,3,"Colorectal","Rates",68.5085499336021,0,68.391447328633
2014,3,"Leukaemia","Counts",511,0,530.937115318355
2014,3,"Leukaemia","ltr",0.0207825766409518,0,NA
2014,3,"Leukaemia","Rates",16.8148940453184,0,19.516079044215
2014,3,"Lung","Counts",1636,0,1617.58181818182
2014,3,"Lung","ltr",0.0730444625528821,0,NA
2014,3,"Lung","Rates",52.6098205585082,0,55.3018886783518
2014,3,"Lymphoma","Counts",880,0,811.081141640795
2014,3,"Lymphoma","ltr",0.0337654372886297,0,NA
2014,3,"Lymphoma","Rates",29.4810130747871,0,26.9973624516716
2014,3,"Melanoma","Counts",2572,0,2530.76363636361
2014,3,"Melanoma","ltr",0.0939816883610832,0,NA
2014,3,"Melanoma","Rates",85.2693604367422,0,84.0505382726151
2014,3,"Pancreatic","Counts",478,0,472.236363635093
2014,3,"Pancreatic","ltr",0.0175786866629885,0,NA
2014,3,"Pancreatic","Rates",15.5336414360516,0,15.4306140230267
2015,1,"All cancers","Counts",10503,0,10621.1242149398
2015,1,"All cancers","ltr",0.603408443536985,0,NA
2015,1,"All cancers","Rates",693.052439833202,0,707.472663914475
2015,1,"Colorectal","Counts",1131,0,1166.76317803927
2015,1,"Colorectal","ltr",0.100568005728853,0,NA
2015,1,"Colorectal","Rates",75.4077126317283,0,76.7048077744239
2015,1,"Leukaemia","Counts",363,0,377.942208462026
2015,1,"Leukaemia","ltr",0.0334131456516014,0,NA
2015,1,"Leukaemia","Rates",24.3464435684996,0,25.1974154345278
2015,1,"Lung","Counts",1029,0,1029.56725146145
2015,1,"Lung","ltr",0.0945958380181168,0,NA
2015,1,"Lung","Rates",68.7470858273371,0,67.767649835494
2015,1,"Lymphoma","Counts",475,0,478.128010058127
2015,1,"Lymphoma","ltr",0.0387095953210966,0,NA
2015,1,"Lymphoma","Rates",32.8415541838529,0,32.1520898856686
2015,1,"Melanoma","Counts",1475,0,1505.36363636195
2015,1,"Melanoma","ltr",0.112606472114074,0,NA
2015,1,"Melanoma","Rates",98.6285111870238,0,100.779774216549
2015,1,"Pancreatic","Counts",370,0,316.524586526261
2015,1,"Pancreatic","ltr",0.031005124313283,0,NA
2015,1,"Pancreatic","Rates",25.078439331694,0,21.2453740783639
2015,1,"Prostate","Counts",2806,0,2773.20920238057
2015,1,"Prostate","ltr",0.213642541148643,0,NA
2015,1,"Prostate","Rates",176.116900932965,0,173.387214762592
2015,2,"All cancers","Counts",8310,0,8402.05249664841
2015,2,"All cancers","ltr",0.462424935542018,0,NA
2015,2,"All cancers","Rates",513.408404913981,0,519.984084033719
2015,2,"Breast (female)","Counts",2204,0,2291.10356267772
2015,2,"Breast (female)","ltr",0.146876394260575,0,NA
2015,2,"Breast (female)","Rates",138.941530736656,0,143.734164149866
2015,2,"Colorectal","Counts",1037,0,940.36291709666
2015,2,"Colorectal","ltr",0.0819604106801849,0,NA
2015,2,"Colorectal","Rates",63.0598481214883,0,57.3401032229699
2015,2,"Leukaemia","Counts",232,0,253.898864809081
2015,2,"Leukaemia","ltr",0.0178871003324962,0,NA
2015,2,"Leukaemia","Rates",14.0133457337879,0,15.6744921786732
2015,2,"Lung","Counts",759,0,742.571182146005
2015,2,"Lung","ltr",0.062018664084449,0,NA
2015,2,"Lung","Rates",46.0687245209241,0,44.7380332423544
2015,2,"Lymphoma","Counts",326,0,378.143790849287
2015,2,"Lymphoma","ltr",0.0224366687865311,0,NA
2015,2,"Lymphoma","Rates",20.6469048473795,0,23.2025865712609
2015,2,"Melanoma","Counts",1076,0,1095.76923076923
2015,2,"Melanoma","ltr",0.0732066994573453,0,NA
2015,2,"Melanoma","Rates",67.5137523298902,0,69.9636312232513
2015,2,"Pancreatic","Counts",274,0,258.615755073955
2015,2,"Pancreatic","ltr",0.0172120214979895,0,NA
2015,2,"Pancreatic","Rates",17.1019055300897,0,15.7667979954143
2015,3,"All cancers","Counts",18813,0,19071.2388888889
2015,3,"All cancers","ltr",0.535310788410859,0,NA
2015,3,"All cancers","Rates",597.340536677504,0,607.397671038325
2015,3,"Colorectal","Counts",2168,0,2109.44172494172
2015,3,"Colorectal","ltr",0.091104380829331,0,NA
2015,3,"Colorectal","Rates",69.179145878372,0,67.0040718438391
2015,3,"Leukaemia","Counts",595,0,561.708543889784
2015,3,"Leukaemia","ltr",0.0255036293745922,0,NA
2015,3,"Leukaemia","Rates",19.0263830262466,0,19.5299901590682
2015,3,"Lung","Counts",1788,0,1774.33832913781
2015,3,"Lung","ltr",0.0775419073385593,0,NA
2015,3,"Lung","Rates",56.4682055149446,0,55.3268420720598
2015,3,"Lymphoma","Counts",801,0,849.263944321973
2015,3,"Lymphoma","ltr",0.0302143341478123,0,NA
2015,3,"Lymphoma","Rates",26.4472696315301,0,27.4724531978527
2015,3,"Melanoma","Counts",2551,0,2613.13636363632
2015,3,"Melanoma","ltr",0.0925501391293206,0,NA
2015,3,"Melanoma","Rates",82.5271630290065,0,84.8778065233448
2015,3,"Pancreatic","Counts",644,0,570.744444444445
2015,3,"Pancreatic","ltr",0.023782863195613,0,NA
2015,3,"Pancreatic","Rates",20.815454585873,0,18.3234910382226
2016,1,"All cancers","Counts",10944,0,10970.0360077016
2016,1,"All cancers","ltr",0.609644480178955,0,NA
2016,1,"All cancers","Rates",700.098444766898,0,706.295611805773
2016,1,"Colorectal","Counts",1179,0,1183.9937236862
2016,1,"Colorectal","ltr",0.102286567316236,0,NA
2016,1,"Colorectal","Rates",76.4090551663516,0,74.8530502697281
2016,1,"Leukaemia","Counts",377,0,387.792569659104
2016,1,"Leukaemia","ltr",0.029769087423718,0,NA
2016,1,"Leukaemia","Rates",25.221133766544,0,25.1610703518835
2016,1,"Lung","Counts",1053,0,1051.09356725066
2016,1,"Lung","ltr",0.0909123694228438,0,NA
2016,1,"Lung","Rates",67.7589859791412,0,67.001317250712
2016,1,"Lymphoma","Counts",480,0,503.216963751754
2016,1,"Lymphoma","ltr",0.0419417478520696,0,NA
2016,1,"Lymphoma","Rates",31.8216476984928,0,32.8569979385316
2016,1,"Melanoma","Counts",1663,0,1602.57142857144
2016,1,"Melanoma","ltr",0.126162091150282,0,NA
2016,1,"Melanoma","Rates",108.838463132007,0,104.52489025553
2016,1,"Pancreatic","Counts",303,0,337.483388209006
2016,1,"Pancreatic","ltr",0.0289586921485173,0,NA
2016,1,"Pancreatic","Rates",19.6634245536778,0,22.1721445628747
2016,1,"Prostate","Counts",2664,0,2795.75010158215
2016,1,"Prostate","ltr",0.203291091660752,0,NA
2016,1,"Prostate","Rates",162.8086302497,0,170.705294616437
2016,2,"All cancers","Counts",8723,0,8651.70754049927
2016,2,"All cancers","ltr",0.474198702476721,0,NA
2016,2,"All cancers","Rates",526.843271618613,0,522.876096356301
2016,2,"Breast (female)","Counts",2385,0,2349.8693513154
2016,2,"Breast (female)","ltr",0.152438829065857,0,NA
2016,2,"Breast (female)","Rates",146.741970769991,0,143.896793519127
2016,2,"Colorectal","Counts",926,0,949.419676642585
2016,2,"Colorectal","ltr",0.0699825508082749,0,NA
2016,2,"Colorectal","Rates",55.1730488234268,0,56.2212033743267
2016,2,"Leukaemia","Counts",283,0,257.05366357069
2016,2,"Leukaemia","ltr",0.0222649554294019,0,NA
2016,2,"Leukaemia","Rates",16.6105208651506,0,15.442775596544
2016,2,"Lung","Counts",805,0,785.03569438734
2016,2,"Lung","ltr",0.0650621178609121,0,NA
2016,2,"Lung","Rates",47.6679668770338,0,45.4480011748032
2016,2,"Lymphoma","Counts",390,0,391.535947711948
2016,2,"Lymphoma","ltr",0.0257789462260194,0,NA
2016,2,"Lymphoma","Rates",23.2353949237782,0,23.4683605286839
2016,2,"Melanoma","Counts",1128,0,1129.76923076923
2016,2,"Melanoma","ltr",0.074985598542458,0,NA
2016,2,"Melanoma","Rates",70.3705274919076,0,69.6463069903143
2016,2,"Pancreatic","Counts",253,0,267.618851049188
2016,2,"Pancreatic","ltr",0.0154311482256563,0,NA
2016,2,"Pancreatic","Rates",15.7185645113717,0,15.917339979095
2016,3,"All cancers","Counts",19667,0,19687.1222222222
2016,3,"All cancers","ltr",0.544354244881532,0,NA
2016,3,"All cancers","Rates",608.337922752829,0,607.222156549815
2016,3,"Colorectal","Counts",2105,0,2136.91025641025
2016,3,"Colorectal","ltr",0.0856777978880358,0,NA
2016,3,"Colorectal","Rates",65.5026506129931,0,65.5498722301646
2016,3,"Leukaemia","Counts",660,0,645.328342314705
2016,3,"Leukaemia","ltr",0.0259906920849221,0,NA
2016,3,"Leukaemia","Rates",20.7573516881534,0,19.5439012739214
2016,3,"Lung","Counts",1858,0,1859.2842137382
2016,3,"Lung","ltr",0.0774760652184873,0,NA
2016,3,"Lung","Rates",56.7619324113944,0,55.3517954657684
2016,3,"Lymphoma","Counts",870,0,889.138861257465
2016,3,"Lymphoma","ltr",0.0333920405245104,0,NA
2016,3,"Lymphoma","Rates",27.357006336499,0,27.9475439440337
2016,3,"Melanoma","Counts",2791,0,2727.61904761612
2016,3,"Melanoma","ltr",0.0997917752791299,0,NA
2016,3,"Melanoma","Rates",88.4775581189605,0,85.9813061392274
2016,3,"Pancreatic","Counts",556,0,585.977777777778
2016,3,"Pancreatic","ltr",0.0218122212753141,0,NA
2016,3,"Pancreatic","Rates",17.6165452602417,0,18.4069150980461
2017,1,"All cancers","Counts",11333,0,11331.1784952649
2017,1,"All cancers","ltr",0.60504617756066,0,NA
2017,1,"All cancers","Rates",699.913720182993,0,705.118559697071
2017,1,"Colorectal","Counts",1237,0,1201.66044674488
2017,1,"Colorectal","ltr",0.0973408885771606,0,NA
2017,1,"Colorectal","Rates",78.3268662562549,0,76.6149273728416
2017,1,"Leukaemia","Counts",461,0,397.642930856199
2017,1,"Leukaemia","ltr",0.0369761619716314,0,NA
2017,1,"Leukaemia","Rates",29.1391661373161,0,25.1247252692395
2017,1,"Lung","Counts",1182,0,1072.61988303989
2017,1,"Lung","ltr",0.0971424577971753,0,NA
2017,1,"Lung","Rates",73.1170742597267,0,66.2349846659297
2017,1,"Lymphoma","Counts",507,0,529.197225552678
2017,1,"Lymphoma","ltr",0.0361672594454612,0,NA
2017,1,"Lymphoma","Rates",32.2476127553767,0,33.5619059913951
2017,1,"Melanoma","Counts",1712,0,1619.89285714288
2017,1,"Melanoma","ltr",0.124233021511466,0,NA
2017,1,"Melanoma","Rates",108.094441675338,0,102.598490287776
2017,1,"Pancreatic","Counts",365,0,350.011360236978
2017,1,"Pancreatic","ltr",0.0293549241973173,0,NA
2017,1,"Pancreatic","Rates",23.227569045495,0,22.49322679803
2017,1,"Prostate","Counts",2954,0,2911.56435418824
2017,1,"Prostate","ltr",0.217514497095515,0,NA
2017,1,"Prostate","Rates",174.024833952181,0,173.158055241507
2017,2,"All cancers","Counts",8913,0,8901.79906067943
2017,2,"All cancers","ltr",0.466448967928051,0,NA
2017,2,"All cancers","Rates",523.079875907597,0,525.768108678883
2017,2,"Breast (female)","Counts",2396,0,2402.25396670002
2017,2,"Breast (female)","ltr",0.145616047390313,0,NA
2017,2,"Breast (female)","Rates",141.808133135945,0,143.527261897383
2017,2,"Colorectal","Counts",997,0,958.47643618851
2017,2,"Colorectal","ltr",0.0714088628056291,0,NA
2017,2,"Colorectal","Rates",57.138319087684,0,55.1023035256831
2017,2,"Leukaemia","Counts",285,0,260.2084623323
2017,2,"Leukaemia","ltr",0.0179948185279879,0,NA
2017,2,"Leukaemia","Rates",17.0924122982685,0,15.2110590144141
2017,2,"Lung","Counts",840,0,827.010742585565
2017,2,"Lung","ltr",0.0628330544853989,0,NA
2017,2,"Lung","Rates",47.4972267001667,0,46.1579691072526
2017,2,"Lymphoma","Counts",370,0,404.928104574624
2017,2,"Lymphoma","ltr",0.0280507458454233,0,NA
2017,2,"Lymphoma","Rates",23.1783590734588,0,23.7341344861065
2017,2,"Melanoma","Counts",1136,0,1163.76923076923
2017,2,"Melanoma","ltr",0.0736183932388247,0,NA
2017,2,"Melanoma","Rates",69.1966840307293,0,69.0193312497204
2017,2,"Pancreatic","Counts",276,0,276.621947024421
2017,2,"Pancreatic","ltr",0.022150944729547,0,NA
2017,2,"Pancreatic","Rates",16.3721488407517,0,16.0678819627751
2017,3,"All cancers","Counts",20246,0,20303.0055555555
2017,3,"All cancers","ltr",0.538477925116885,0,NA
2017,3,"All cancers","Rates",605.894829689206,0,606.787548676514
2017,3,"Colorectal","Counts",2234,0,2172.21909753352
2017,3,"Colorectal","ltr",0.08416132485718,0,NA
2017,3,"Colorectal","Rates",67.4602615091954,0,64.0383947917351
2017,3,"Leukaemia","Counts",746,0,755.93454236694
2017,3,"Leukaemia","ltr",0.0271433167882567,0,NA
2017,3,"Leukaemia","Rates",22.8319922875505,0,19.5578123887746
2017,3,"Lung","Counts",2022,0,1937.15325406531
2017,3,"Lung","ltr",0.0792977918313421,0,NA
2017,3,"Lung","Rates",59.2780072070972,0,55.3767488594773
2017,3,"Lymphoma","Counts",877,0,930.464161839512
2017,3,"Lymphoma","ltr",0.0320441308845731,0,NA
2017,3,"Lymphoma","Rates",27.4042812052526,0,28.4226346902146
2017,3,"Melanoma","Counts",2848,0,2756.32142857715
2017,3,"Melanoma","ltr",0.098367542696649,0,NA
2017,3,"Melanoma","Rates",87.6374673096949,0,84.764472791034
2017,3,"Pancreatic","Counts",641,0,601.211111111112
2017,3,"Pancreatic","ltr",0.0256219656880655,0,NA
2017,3,"Pancreatic","Rates",19.447610165824,0,18.449617959756
2018,1,"All cancers","Counts",11827,0,11710.6670250303
2018,1,"All cancers","ltr",0.615449776554931,0,NA
2018,1,"All cancers","Rates",707.793163218106,0,703.94150758837
2018,1,"Colorectal","Counts",1224,0,1229.97441751375
2018,1,"Colorectal","ltr",0.0977117529622691,0,NA
2018,1,"Colorectal","Rates",74.5757255501671,0,75.1982954079811
2018,1,"Leukaemia","Counts",346,0,407.493292053307
2018,1,"Leukaemia","ltr",0.0295613374024755,0,NA
2018,1,"Leukaemia","Rates",21.0678666755735,0,25.088380186596
2018,1,"Lung","Counts",1145,0,1094.14619882912
2018,1,"Lung","ltr",0.0935643196354474,0,NA
2018,1,"Lung","Rates",69.554960437303,0,65.4686520811474
2018,1,"Lymphoma","Counts",641,0,555.920244109685
2018,1,"Lymphoma","ltr",0.0472051235397226,0,NA
2018,1,"Lymphoma","Rates",40.7263604806433,0,34.2668140442591
2018,1,"Melanoma","Counts",1581,0,1637.2142857143
2018,1,"Melanoma","ltr",0.112349600430796,0,NA
2018,1,"Melanoma","Rates",98.0369592830496,0,100.672090320021
2018,1,"Pancreatic","Counts",371,0,354.108502610177
2018,1,"Pancreatic","ltr",0.0304745844332074,0,NA
2018,1,"Pancreatic","Rates",23.3400171777362,0,22.2086207838301
2018,1,"Prostate","Counts",3281,0,3081.86409433857
2018,1,"Prostate","ltr",0.234065945404251,0,NA
2018,1,"Prostate","Rates",187.2969795232,0,177.727545235382
2018,2,"All cancers","Counts",9284,0,9297.14341332889
2018,2,"All cancers","ltr",0.474111318294326,0,NA
2018,2,"All cancers","Rates",527.914508922146,0,529.451074811384
2018,2,"Breast (female)","Counts",2478,0,2448.25740883157
2018,2,"Breast (female)","ltr",0.149694125911866,0,NA
2018,2,"Breast (female)","Rates",143.932818328989,0,142.625569284634
2018,2,"Colorectal","Counts",945,0,967.533195734432
2018,2,"Colorectal","ltr",0.0675886619293786,0,NA
2018,2,"Colorectal","Rates",53.0638708338998,0,53.9834036770399
2018,2,"Leukaemia","Counts",223,0,263.36326109391
2018,2,"Leukaemia","ltr",0.014493750755358,0,NA
2018,2,"Leukaemia","Rates",12.9799202767539,0,14.9793424322837
2018,2,"Lung","Counts",906,0,868.553910745753
2018,2,"Lung","ltr",0.0673980787931444,0,NA
2018,2,"Lung","Rates",49.3102019208927,0,46.8679370397025
2018,2,"Lymphoma","Counts",426,0,418.320261437314
2018,2,"Lymphoma","ltr",0.02967346762187,0,NA
2018,2,"Lymphoma","Rates",24.326192962908,0,23.9999084435288
2018,2,"Melanoma","Counts",1172,0,1167.2380952381
2018,2,"Melanoma","ltr",0.0708509380072688,0,NA
2018,2,"Melanoma","Rates",68.1960047419348,0,68.1325080901139
2018,2,"Pancreatic","Counts",311,0,285.625042999654
2018,2,"Pancreatic","ltr",0.0206557714981214,0,NA
2018,2,"Pancreatic","Rates",18.1753392814309,0,16.218423946455
2018,3,"All cancers","Counts",21111,0,20918.8888888888
2018,3,"All cancers","ltr",0.547835518925881,0,NA
2018,3,"All cancers","Rates",613.245334740682,0,606.13702964922
2018,3,"Colorectal","Counts",2169,0,2191.87342268666
2018,3,"Colorectal","ltr",0.0822828899578001,0,NA
2018,3,"Colorectal","Rates",63.5423367137069,0,62.4791858326766
2018,3,"Leukaemia","Counts",569,0,684.866666666665
2018,3,"Leukaemia","ltr",0.021765983597191,0,NA
2018,3,"Leukaemia","Rates",16.8697466337642,0,19.5717235036278
2018,3,"Lung","Counts",2051,0,2004.40702798249
2018,3,"Lung","ltr",0.0799057311709555,0,NA
2018,3,"Lung","Rates",58.5953939282266,0,55.4017022531865
2018,3,"Lymphoma","Counts",1067,0,972.998115460355
2018,3,"Lymphoma","ltr",0.0381956280706327,0,NA
2018,3,"Lymphoma","Rates",32.3193965932887,0,28.8977254363956
2018,3,"Melanoma","Counts",2753,0,2785.02380953467
2018,3,"Melanoma","ltr",0.0909194978348769,0,NA
2018,3,"Melanoma","Rates",82.1324916512691,0,83.4581891427384
2018,3,"Pancreatic","Counts",682,0,616.444444444445
2018,3,"Pancreatic","ltr",0.0253430631569023,0,NA
2018,3,"Pancreatic","Rates",20.638730988492,0,18.4312390242957
2019,1,"All cancers","Counts",12166,0,12112.5784952649
2019,1,"All cancers","ltr",0.604895523449372,0,NA
2019,1,"All cancers","Rates",706.188114157571,0,702.764455479669
2019,1,"Colorectal","Counts",1217,0,1211.94316802605
2019,1,"Colorectal","ltr",0.0891644596876332,0,NA
2019,1,"Colorectal","Rates",72.4354042735738,0,72.5259005519481
2019,1,"Leukaemia","Counts",407,0,417.343653250425
2019,1,"Leukaemia","ltr",0.0298315716246189,0,NA
2019,1,"Leukaemia","Rates",25.2497677638188,0,25.0520351039527
2019,1,"Lung","Counts",1085,0,1115.67251461836
2019,1,"Lung","ltr",0.0828080198124492,0,NA
2019,1,"Lung","Rates",62.2385916236578,0,64.7023194963651
2019,1,"Lymphoma","Counts",585,0,583.237468071557
2019,1,"Lymphoma","ltr",0.0459985403693075,0,NA
2019,1,"Lymphoma","Rates",35.0012097793465,0,34.9717220971234
2019,1,"Melanoma","Counts",1796,0,1654.53571428574
2019,1,"Melanoma","ltr",0.122054364199425,0,NA
2019,1,"Melanoma","Rates",107.410835650374,0,98.7456903522657
2019,1,"Pancreatic","Counts",288,0,351.404303413138
2019,1,"Pancreatic","ltr",0.0196768724762264,0,NA
2019,1,"Pancreatic","Rates",17.2539629033189,0,21.4353923163686
2019,1,"Prostate","Counts",3381,0,3332.75695148143
2019,1,"Prostate","ltr",0.22923588409442,0,NA
2019,1,"Prostate","Rates",188.182469706348,0,185.428030753946
2019,2,"All cancers","Counts",9619,0,9609.04906187421
2019,2,"All cancers","ltr",0.475607954275792,0,NA
2019,2,"All cancers","Rates",534.321174292061,0,531.762517573078
2019,2,"Breast (female)","Counts",2480,0,2489.11301371695
2019,2,"Breast (female)","ltr",0.149887609757724,0,NA
2019,2,"Breast (female)","Rates",141.358399433155,0,141.294570326201
2019,2,"Colorectal","Counts",957,0,976.589955280357
2019,2,"Colorectal","ltr",0.0687026724906764,0,NA
2019,2,"Colorectal","Rates",51.8651050536011,0,52.8645038283962
2019,2,"Leukaemia","Counts",300,0,266.51805985552
2019,2,"Leukaemia","ltr",0.0174681494612422,0,NA
2019,2,"Leukaemia","Rates",16.6492734542068,0,14.7476258501529
2019,2,"Lung","Counts",917,0,909.75157487551
2019,2,"Lung","ltr",0.0656422693925462,0,NA
2019,2,"Lung","Rates",49.167428816646,0,47.5779049721527
2019,2,"Lymphoma","Counts",385,0,431.712418300015
2019,2,"Lymphoma","ltr",0.025498800117278,0,NA
2019,2,"Lymphoma","Rates",20.3347216666539,0,24.2656824009507
2019,2,"Melanoma","Counts",1214,0,1169.52380952381
2019,2,"Melanoma","ltr",0.0759257259469787,0,NA
2019,2,"Melanoma","Rates",68.9408944292419,0,67.0378069952971
2019,2,"Pancreatic","Counts",322,0,294.628138974884
2019,2,"Pancreatic","ltr",0.0220312708673257,0,NA
2019,2,"Pancreatic","Rates",17.4671397988766,0,16.3689659301346
2019,3,"All cancers","Counts",21785,0,21534.7722222221
2019,3,"All cancers","ltr",0.542686958388872,0,NA
2019,3,"All cancers","Rates",614.419187545688,0,605.313781698733
2019,3,"Colorectal","Counts",2174,0,2190.17800989078
2019,3,"Colorectal","ltr",0.0786704393942655,0,NA
2019,3,"Colorectal","Rates",61.4065627997968,0,60.8817916571148
2019,3,"Leukaemia","Counts",707,0,695.066666666666
2019,3,"Leukaemia","ltr",0.0233774757339812,0,NA
2019,3,"Leukaemia","Rates",20.613531895562,0,19.5856346184809
2019,3,"Lung","Counts",2002,0,2058.68658739864
2019,3,"Lung","ltr",0.0738693599610332,0,NA
2019,3,"Lung","Rates",54.7585090865091,0,55.4266556468961
2019,3,"Lymphoma","Counts",970,0,1016.49899151224
2019,3,"Lymphoma","ltr",0.0354982563199989,0,NA
2019,3,"Lymphoma","Rates",27.6132937017701,0,29.3728161825766
2019,3,"Melanoma","Counts",3010,0,2813.72619048701
2019,3,"Melanoma","ltr",0.0986510848192639,0,NA
2019,3,"Melanoma","Rates",87.291875968323,0,82.0195935922086
2019,3,"Pancreatic","Counts",610,0,631.677777777779
2019,3,"Pancreatic","ltr",0.0210727688288305,0,NA
2019,3,"Pancreatic","Rates",17.5925929284322,0,18.3382045589607
2020,1,"All cancers","Counts",12247,0,12532.8360077016
2020,1,"All cancers","ltr",0.602218072753697,0,NA
2020,1,"All cancers","Rates",689.120591023605,0,701.587403370968
2020,1,"Colorectal","Counts",1188,0,1172.80031088319
2020,1,"Colorectal","ltr",0.0833097213643297,0,NA
2020,1,"Colorectal","Rates",68.691265281142,0,68.1791551743521
2020,1,"Leukaemia","Counts",482,0,427.194014447552
2020,1,"Leukaemia","ltr",0.0334594702657646,0,NA
2020,1,"Leukaemia","Rates",28.344115360842,0,25.0156900213096
2020,1,"Lung","Counts",1101,0,1137.1988304076
2020,1,"Lung","ltr",0.0828072649993293,0,NA
2020,1,"Lung","Rates",61.3792672333405,0,63.9359869115829
2020,1,"Lymphoma","Counts",555,0,611.000346087078
2020,1,"Lymphoma","ltr",0.0434739774871522,0,NA
2020,1,"Lymphoma","Rates",32.0301881200922,0,35.676630149988
2020,1,"Melanoma","Counts",1603,0,1671.85714285717
2020,1,"Melanoma","ltr",0.11314888773688,0,NA
2020,1,"Melanoma","Rates",92.978846546426,0,96.8192903845111
2020,1,"Pancreatic","Counts",333,0,343.599098038422
2020,1,"Pancreatic","ltr",0.0263547483985974,0,NA
2020,1,"Pancreatic","Rates",19.8618252271116,0,20.2956970089611
2020,1,"Prostate","Counts",3364,0,3664.24292561681
2020,1,"Prostate","ltr",0.223732580177609,0,NA
2020,1,"Prostate","Rates",181.592260903437,0,196.259511797201
2020,2,"All cancers","Counts",9805,0,9775.36334758849
2020,2,"All cancers","ltr",0.469260215967163,0,NA
2020,2,"All cancers","Rates",526.986721107652,0,526.048533345935
2020,2,"Breast (female)","Counts",2503,0,2526.1077406677
2020,2,"Breast (female)","ltr",0.142274139436689,0,NA
2020,2,"Breast (female)","Rates",137.619686491879,0,139.641591608504
2020,2,"Colorectal","Counts",1005,0,985.646714826278
2020,2,"Colorectal","ltr",0.0618751560621269,0,NA
2020,2,"Colorectal","Rates",52.8128090966813,0,51.7456039797526
2020,2,"Leukaemia","Counts",239,0,269.67285861713
2020,2,"Leukaemia","ltr",0.0162819234614863,0,NA
2020,2,"Leukaemia","Rates",12.3332735295218,0,14.5159092680218
2020,2,"Lung","Counts",947,0,950.690110982445
2020,2,"Lung","ltr",0.0652327856485589,0,NA
2020,2,"Lung","Rates",48.7066951464748,0,48.2878729046033
2020,2,"Lymphoma","Counts",509,0,445.104575162723
2020,2,"Lymphoma","ltr",0.034011058040565,0,NA
2020,2,"Lymphoma","Rates",27.2386282359933,0,24.5314563583724
2020,2,"Melanoma","Counts",1215,0,1171.80952380952
2020,2,"Melanoma","ltr",0.0696246128981869,0,NA
2020,2,"Melanoma","Rates",67.6464661030336,0,65.7871974490727
2020,2,"Pancreatic","Counts",239,0,303.631234950117
2020,2,"Pancreatic","ltr",0.0161162683934596,0,NA
2020,2,"Pancreatic","Rates",12.7198010411149,0,16.5195079138139
2020,3,"All cancers","Counts",22052,0,22150.6555555554
2020,3,"All cancers","ltr",0.537823059296046,0,NA
2020,3,"All cancers","Rates",602.575634664053,0,604.36098705585
2020,3,"Colorectal","Counts",2193,0,2160.01627982952
2020,3,"Colorectal","ltr",0.072244866476142,0,NA
2020,3,"Colorectal","Rates",60.3188324073772,0,59.2557585691755
2020,3,"Leukaemia","Counts",721,0,705.26666666667
2020,3,"Leukaemia","ltr",0.0246614823650269,0,NA
2020,3,"Leukaemia","Rates",19.9356253611019,0,19.5995457333341
2020,3,"Lung","Counts",2048,0,2102.35088040487
2020,3,"Lung","ltr",0.0737345439163063,0,NA
2020,3,"Lung","Rates",54.5436051210355,0,55.4516090406058
2020,3,"Lymphoma","Counts",1064,0,1060.72505938739
2020,3,"Lymphoma","ltr",0.0384418280740035,0,NA
2020,3,"Lymphoma","Rates",29.3474854257329,0,29.8479069287577
2020,3,"Melanoma","Counts",2818,0,2842.42857143416
2020,3,"Melanoma","ltr",0.0906269647659058,0,NA
2020,3,"Melanoma","Rates",79.5475124019878,0,80.4486861394444
2020,3,"Pancreatic","Counts",572,0,646.911111111112
2020,3,"Pancreatic","ltr",0.0210677999940868,0,NA
2020,3,"Pancreatic","Rates",16.2475304684002,0,18.1840882964555
2021,1,"All cancers","Counts",12632,0,12965.3242149398
2021,1,"All cancers","ltr",0.598257141746654,0,NA
2021,1,"All cancers","Rates",688.966993603332,0,700.410351262268
2021,1,"Colorectal","Counts",1092,0,1112.54584608517
2021,1,"Colorectal","ltr",0.0731259983939849,0,NA
2021,1,"Colorectal","Rates",61.7222368959035,0,62.5766469055836
2021,1,"Leukaemia","Counts",483,0,437.044375644684
2021,1,"Leukaemia","ltr",0.0364493304956131,0,NA
2021,1,"Leukaemia","Rates",26.9928030512598,0,24.9793449386667
2021,1,"Lung","Counts",1126,0,1158.72514619685
2021,1,"Lung","ltr",0.0840981883907448,0,NA
2021,1,"Lung","Rates",60.3674717623945,0,63.1696543268006
2021,1,"Lymphoma","Counts",596,0,639.060326805031
2021,1,"Lymphoma","ltr",0.0388707385608827,0,NA
2021,1,"Lymphoma","Rates",33.992445356689,0,36.3815382028527
2021,1,"Melanoma","Counts",1576,0,1689.1785714286
2021,1,"Melanoma","ltr",0.105861248220945,0,NA
2021,1,"Melanoma","Rates",88.5171254037352,0,94.892890416756
2021,1,"Pancreatic","Counts",355,0,332.393221878588
2021,1,"Pancreatic","ltr",0.0260380934551901,0,NA
2021,1,"Pancreatic","Rates",20.0584137580482,0,18.9116904749228
2021,1,"Prostate","Counts",3596,0,4050.21438729644
2021,1,"Prostate","ltr",0.230260973562775,0,NA
2021,1,"Prostate","Rates",187.405246834979,0,209.207722209259
2021,2,"All cancers","Counts",9749,0,9796.08627047175
2021,2,"All cancers","ltr",0.461943826541287,0,NA
2021,2,"All cancers","Rates",508.711368830594,0,512.309122129955
2021,2,"Breast (female)","Counts",2623,0,2560.52854899536
2021,2,"Breast (female)","ltr",0.147901385804041,0,NA
2021,2,"Breast (female)","Rates",140.403369760971,0,137.773959717965
2021,2,"Colorectal","Counts",1003,0,994.703474372203
2021,2,"Colorectal","ltr",0.0621257763356698,0,NA
2021,2,"Colorectal","Rates",52.0004459088792,0,50.6267041311094
2021,2,"Leukaemia","Counts",272,0,272.82765737874
2021,2,"Leukaemia","ltr",0.0180055699064712,0,NA
2021,2,"Leukaemia","Rates",15.0305582793894,0,14.2841926858905
2021,2,"Lung","Counts",992,0,991.455895074165
2021,2,"Lung","ltr",0.0661477982656627,0,NA
2021,2,"Lung","Rates",48.4368266564571,0,48.997840837054
2021,2,"Lymphoma","Counts",474,0,458.496732025437
2021,2,"Lymphoma","ltr",0.0306313454528166,0,NA
2021,2,"Lymphoma","Rates",24.5399048110572,0,24.797230315794
2021,2,"Melanoma","Counts",1080,0,1174.09523809524
2021,2,"Melanoma","ltr",0.0633614124616831,0,NA
2021,2,"Melanoma","Rates",59.325358698678,0,64.4326489352433
2021,2,"Pancreatic","Counts",348,0,312.63433092535
2021,2,"Pancreatic","ltr",0.0216191881271314,0,NA
2021,2,"Pancreatic","Rates",18.2062661637035,0,16.6700498974932
2021,3,"All cancers","Counts",22381,0,22766.5388888887
2021,3,"All cancers","ltr",0.532656618535142,0,NA
2021,3,"All cancers","Rates",593.168977928771,0,603.32182795137
2021,3,"Colorectal","Counts",2095,0,2108.50481181923
2021,3,"Colorectal","ltr",0.0674567170095395,0,NA
2021,3,"Colorectal","Rates",56.5318867990462,0,57.6106328729847
2021,3,"Leukaemia","Counts",755,0,715.466666666671
2021,3,"Leukaemia","ltr",0.026803377201851,0,NA
2021,3,"Leukaemia","Rates",20.4946393544511,0,19.6134568481873
2021,3,"Lung","Counts",2118,0,2138.93832913781
2021,3,"Lung","ltr",0.0747904767638674,0,NA
2021,3,"Lung","Rates",53.9056742693758,0,55.4765624343156
2021,3,"Lymphoma","Counts",1070,0,1105.43458847807
2021,3,"Lymphoma","ltr",0.0346701121039974,0,NA
2021,3,"Lymphoma","Rates",29.0033187698894,0,30.3229976749386
2021,3,"Melanoma","Counts",2656,0,2871.13095237782
2021,3,"Melanoma","ltr",0.0840724133163983,0,NA
2021,3,"Melanoma","Rates",73.1178933858654,0,78.7883283865781
2021,3,"Pancreatic","Counts",703,0,662.144444444446
2021,3,"Pancreatic","ltr",0.0236918365236435,0,NA
2021,3,"Pancreatic","Rates",19.066266236008,0,17.9892508358368
2022,1,"All cancers","Counts",13839,0,13403.9277695786
2022,1,"All cancers","ltr",0.622330663233957,0,NA
2022,1,"All cancers","Rates",723.659110665772,0,699.233299153567
2022,1,"Colorectal","Counts",1048,0,1041.51098588878
2022,1,"Colorectal","ltr",0.0700685092804993,0,NA
2022,1,"Colorectal","Rates",56.6843070726588,0,56.346257191229
2022,1,"Leukaemia","Counts",428,0,446.894736841818
2022,1,"Leukaemia","ltr",0.0317313000372413,0,NA
2022,1,"Leukaemia","Rates",23.5042266464919,0,24.9429998560238
2022,1,"Lung","Counts",1213,0,1180.2514619861
2022,1,"Lung","ltr",0.0867338982555569,0,NA
2022,1,"Lung","Rates",64.0428842293475,0,62.4033217420183
2022,1,"Lymphoma","Counts",733,0,667.268858874201
2022,1,"Lymphoma","ltr",0.0450590055823819,0,NA
2022,1,"Lymphoma","Rates",40.1910810070353,0,37.0864462557176
2022,1,"Melanoma","Counts",1761,0,1706.50000000003
2022,1,"Melanoma","ltr",0.11563773256664,0,NA
2022,1,"Melanoma","Rates",95.1659398112093,0,92.966490449001
2022,1,"Pancreatic","Counts",326,0,319.487010326194
2022,1,"Pancreatic","ltr",0.0203958305128862,0,NA
2022,1,"Pancreatic","Rates",18.0093050004115,0,17.4055283275692
2022,1,"Prostate","Counts",4961,0,4463.42859274818
2022,1,"Prostate","ltr",0.301306967989124,0,NA
2022,1,"Prostate","Rates",247.584033732409,0,223.21429730572
2022,2,"All cancers","Counts",9761,0,9742.46466765405
2022,2,"All cancers","ltr",0.448464994780427,0,NA
2022,2,"All cancers","Rates",496.070761009409,0,494.471620536696
2022,2,"Breast (female)","Counts",2539,0,2593.66239801148
2022,2,"Breast (female)","ltr",0.139353015677734,0,NA
2022,2,"Breast (female)","Rates",133.938424230406,0,135.799001241005
2022,2,"Colorectal","Counts",993,0,1003.76023391813
2022,2,"Colorectal","ltr",0.0573609524865866,0,NA
2022,2,"Colorectal","Rates",49.0696092105124,0,49.5078042824657
2022,2,"Leukaemia","Counts",275,0,275.982456140349
2022,2,"Leukaemia","ltr",0.0164976896640057,0,NA
2022,2,"Leukaemia","Rates",13.4473598786958,0,14.0524761037591
2022,2,"Lung","Counts",997,0,1032.13530315828
2022,2,"Lung","ltr",0.0673862689696764,0,NA
2022,2,"Lung","Rates",47.7428089535518,0,49.7078087695049
2022,2,"Lymphoma","Counts",471,0,471.888888888153
2022,2,"Lymphoma","ltr",0.0270463766346716,0,NA
2022,2,"Lymphoma","Rates",25.4561629044272,0,25.0630042732154
2022,2,"Melanoma","Counts",1207,0,1176.38095238095
2022,2,"Melanoma","ltr",0.069519687584817,0,NA
2022,2,"Melanoma","Rates",64.5413743221229,0,63.0261309376113
2022,2,"Pancreatic","Counts",336,0,321.637426900583
2022,2,"Pancreatic","ltr",0.0209100562067324,0,NA
2022,2,"Pancreatic","Rates",16.5281497383915,0,16.8205918811723
2022,3,"All cancers","Counts",23600,0,23382.422222222
2022,3,"All cancers","ltr",0.540585450871838,0,NA
2022,3,"All cancers","Rates",604.130294069754,0,602.239486616092
2022,3,"Colorectal","Counts",2041,0,2046.31847483443
2022,3,"Colorectal","ltr",0.0635299580786478,0,NA
2022,3,"Colorectal","Rates",52.8520200617418,0,55.955960872668
2022,3,"Leukaemia","Counts",703,0,725.666666666672
2022,3,"Leukaemia","ltr",0.0238867409397352,0,NA
2022,3,"Leukaemia","Rates",18.3592651751598,0,19.6273679630405
2022,3,"Lung","Counts",2210,0,2171.9873557341
2022,3,"Lung","ltr",0.0767780289737587,0,NA
2022,3,"Lung","Rates",55.4866420902217,0,55.5015158280255
2022,3,"Lymphoma","Counts",1204,0,1150.3858481765
2022,3,"Lymphoma","ltr",0.0358247100620324,0,NA
2022,3,"Lymphoma","Rates",32.4238520337598,0,30.7980884211196
2022,3,"Melanoma","Counts",2968,0,2899.83333331972
2022,3,"Melanoma","ltr",0.0919436224346644,0,NA
2022,3,"Melanoma","Rates",78.9652741471543,0,77.0832454836608
2022,3,"Pancreatic","Counts",662,0,677.37777777778
2022,3,"Pancreatic","ltr",0.0206997137026063,0,NA
2022,3,"Pancreatic","Rates",17.1581938977545,0,17.7740527761613
