"year","sex","agegrp","pop"
2001,"Male",1,125206
2001,"Male",2,133309
2001,"Male",3,132232
2001,"Male",4,131573
2001,"Male",5,122089
2001,"Male",6,127916
2001,"Male",7,130434
2001,"Male",8,132570
2001,"Male",9,133621
2001,"Male",10,124339
2001,"Male",11,122105
2001,"Male",12,97073
2001,"Male",13,76705
2001,"Male",14,59937
2001,"Male",15,52536
2001,"Male",16,39305
2001,"Male",17,22671
2001,"Male",18,14164
2001,"Female",1,118588
2001,"Female",2,125989
2001,"Female",3,125259
2001,"Female",4,126249
2001,"Female",5,120859
2001,"Female",6,130102
2001,"Female",7,134283
2001,"Female",8,137774
2001,"Female",9,136829
2001,"Female",10,125386
2001,"Female",11,119918
2001,"Female",12,92258
2001,"Female",13,72998
2001,"Female",14,59259
2001,"Female",15,56250
2001,"Female",16,48215
2001,"Female",17,33773
2001,"Female",18,29695
2002,"Male",1,126541
2002,"Male",2,134371
2002,"Male",3,135102
2002,"Male",4,133060
2002,"Male",5,126916
2002,"Male",6,126939
2002,"Male",7,135423
2002,"Male",8,133151
2002,"Male",9,138178
2002,"Male",10,126845
2002,"Male",11,122949
2002,"Male",12,105260
2002,"Male",13,80501
2002,"Male",14,62600
2002,"Male",15,53409
2002,"Male",16,40532
2002,"Male",17,24268
2002,"Male",18,14839
2002,"Female",1,119693
2002,"Female",2,126880
2002,"Female",3,128811
2002,"Female",4,127988
2002,"Female",5,123217
2002,"Female",6,127265
2002,"Female",7,138555
2002,"Female",8,137535
2002,"Female",9,141472
2002,"Female",10,128528
2002,"Female",11,121111
2002,"Female",12,100889
2002,"Female",13,76669
2002,"Female",14,61741
2002,"Female",15,56559
2002,"Female",16,48836
2002,"Female",17,35552
2002,"Female",18,30938
2003,"Male",1,128055
2003,"Male",2,135031
2003,"Male",3,138977
2003,"Male",4,133890
2003,"Male",5,132030
2003,"Male",6,126778
2003,"Male",7,139819
2003,"Male",8,134014
2003,"Male",9,141635
2003,"Male",10,130345
2003,"Male",11,124477
2003,"Male",12,113163
2003,"Male",13,83964
2003,"Male",14,65708
2003,"Male",15,54006
2003,"Male",16,41851
2003,"Male",17,25678
2003,"Male",18,15590
2003,"Female",1,121081
2003,"Female",2,128161
2003,"Female",3,132053
2003,"Female",4,129177
2003,"Female",5,128227
2003,"Female",6,126966
2003,"Female",7,142964
2003,"Female",8,137812
2003,"Female",9,145615
2003,"Female",10,132795
2003,"Female",11,123770
2003,"Female",12,108803
2003,"Female",13,80694
2003,"Female",14,64246
2003,"Female",15,56541
2003,"Female",16,49849
2003,"Female",17,37203
2003,"Female",18,32153
2004,"Male",1,129606
2004,"Male",2,135554
2004,"Male",3,142271
2004,"Male",4,135595
2004,"Male",5,137535
2004,"Male",6,127608
2004,"Male",7,142691
2004,"Male",8,136090
2004,"Male",9,144475
2004,"Male",10,134533
2004,"Male",11,126354
2004,"Male",12,118357
2004,"Male",13,88734
2004,"Male",14,68902
2004,"Male",15,54500
2004,"Male",16,43184
2004,"Male",17,27015
2004,"Male",18,16217
2004,"Female",1,123080
2004,"Female",2,129161
2004,"Female",3,134782
2004,"Female",4,130761
2004,"Female",5,132575
2004,"Female",6,127215
2004,"Female",7,145138
2004,"Female",8,139477
2004,"Female",9,148489
2004,"Female",10,136964
2004,"Female",11,126274
2004,"Female",12,114621
2004,"Female",13,85443
2004,"Female",14,67636
2004,"Female",15,56515
2004,"Female",16,50784
2004,"Female",17,38538
2004,"Female",18,33296
2005,"Male",1,132438
2005,"Male",2,136688
2005,"Male",3,144620
2005,"Male",4,138393
2005,"Male",5,142008
2005,"Male",6,130162
2005,"Male",7,143922
2005,"Male",8,139876
2005,"Male",9,145969
2005,"Male",10,138223
2005,"Male",11,128577
2005,"Male",12,122255
2005,"Male",13,93961
2005,"Male",14,72337
2005,"Male",15,54986
2005,"Male",16,44055
2005,"Male",17,28153
2005,"Male",18,17570
2005,"Female",1,125499
2005,"Female",2,130002
2005,"Female",3,137206
2005,"Female",4,132693
2005,"Female",5,137522
2005,"Female",6,128840
2005,"Female",7,145850
2005,"Female",8,142663
2005,"Female",9,150211
2005,"Female",10,141013
2005,"Female",11,128763
2005,"Female",12,119396
2005,"Female",13,90918
2005,"Female",14,70664
2005,"Female",15,57015
2005,"Female",16,51154
2005,"Female",17,39809
2005,"Female",18,35083
2006,"Male",1,135122
2006,"Male",2,138543
2006,"Male",3,145936
2006,"Male",4,141547
2006,"Male",5,145835
2006,"Male",6,134874
2006,"Male",7,143274
2006,"Male",8,145953
2006,"Male",9,146161
2006,"Male",10,142102
2006,"Male",11,131313
2006,"Male",12,125765
2006,"Male",13,98972
2006,"Male",14,74979
2006,"Male",15,56271
2006,"Male",16,44975
2006,"Male",17,29326
2006,"Male",18,18910
2006,"Female",1,127902
2006,"Female",2,131936
2006,"Female",3,138440
2006,"Female",4,135106
2006,"Female",5,142096
2006,"Female",6,132562
2006,"Female",7,144376
2006,"Female",8,148320
2006,"Female",9,150216
2006,"Female",10,145364
2006,"Female",11,131641
2006,"Female",12,123506
2006,"Female",13,96114
2006,"Female",14,73482
2006,"Female",15,57727
2006,"Female",16,51728
2006,"Female",17,40479
2006,"Female",18,37139
2007,"Male",1,140996
2007,"Male",2,140605
2007,"Male",3,146663
2007,"Male",4,145607
2007,"Male",5,149640
2007,"Male",6,141493
2007,"Male",7,143004
2007,"Male",8,152296
2007,"Male",9,146566
2007,"Male",10,146686
2007,"Male",11,133563
2007,"Male",12,125495
2007,"Male",13,106911
2007,"Male",14,78718
2007,"Male",15,58047
2007,"Male",16,45572
2007,"Male",17,30214
2007,"Male",18,20247
2007,"Female",1,133030
2007,"Female",2,133557
2007,"Female",3,139184
2007,"Female",4,139551
2007,"Female",5,145506
2007,"Female",6,138190
2007,"Female",7,143705
2007,"Female",8,154820
2007,"Female",9,149875
2007,"Female",10,150205
2007,"Female",11,134736
2007,"Female",12,123806
2007,"Female",13,103939
2007,"Female",14,76866
2007,"Female",15,59658
2007,"Female",16,52008
2007,"Female",17,41005
2007,"Female",18,39054
2008,"Male",1,147877
2008,"Male",2,142340
2008,"Male",3,147859
2008,"Male",4,149872
2008,"Male",5,153690
2008,"Male",6,149869
2008,"Male",7,143178
2008,"Male",8,157662
2008,"Male",9,147592
2008,"Male",10,150699
2008,"Male",11,135989
2008,"Male",12,126757
2008,"Male",13,113499
2008,"Male",14,81813
2008,"Male",15,60340
2008,"Male",16,45853
2008,"Male",17,31204
2008,"Male",18,21191
2008,"Female",1,139587
2008,"Female",2,134991
2008,"Female",3,140692
2008,"Female",4,143557
2008,"Female",5,149120
2008,"Female",6,145429
2008,"Female",7,144239
2008,"Female",8,160026
2008,"Female",9,150264
2008,"Female",10,154227
2008,"Female",11,138087
2008,"Female",12,125785
2008,"Female",13,110167
2008,"Female",14,80418
2008,"Female",15,61358
2008,"Female",16,51987
2008,"Female",17,41878
2008,"Female",18,40409
2009,"Male",1,154113
2009,"Male",2,144796
2009,"Male",3,148726
2009,"Male",4,153489
2009,"Male",5,159135
2009,"Male",6,158863
2009,"Male",7,144770
2009,"Male",8,160698
2009,"Male",9,149542
2009,"Male",10,153462
2009,"Male",11,139599
2009,"Male",12,127933
2009,"Male",13,117670
2009,"Male",14,86418
2009,"Male",15,63205
2009,"Male",16,46093
2009,"Male",17,32006
2009,"Male",18,22209
2009,"Female",1,144945
2009,"Female",2,137386
2009,"Female",3,141981
2009,"Female",4,146479
2009,"Female",5,154229
2009,"Female",6,153276
2009,"Female",7,146061
2009,"Female",8,162591
2009,"Female",9,152358
2009,"Female",10,156859
2009,"Female",11,141901
2009,"Female",12,127835
2009,"Female",13,114585
2009,"Female",14,84797
2009,"Female",15,64103
2009,"Female",16,51961
2009,"Female",17,42809
2009,"Female",18,41888
2010,"Male",1,156741
2010,"Male",2,147372
2010,"Male",3,148992
2010,"Male",4,154329
2010,"Male",5,161679
2010,"Male",6,163408
2010,"Male",7,146225
2010,"Male",8,160312
2010,"Male",9,152715
2010,"Male",10,153658
2010,"Male",11,142827
2010,"Male",12,129391
2010,"Male",13,120818
2010,"Male",14,91286
2010,"Male",15,66720
2010,"Male",16,46598
2010,"Male",17,32972
2010,"Male",18,23360
2010,"Female",1,147455
2010,"Female",2,139717
2010,"Female",3,142175
2010,"Female",4,147793
2010,"Female",5,156840
2010,"Female",6,158302
2010,"Female",7,148077
2010,"Female",8,162365
2010,"Female",9,155414
2010,"Female",10,157471
2010,"Female",11,145380
2010,"Female",12,129759
2010,"Female",13,118326
2010,"Female",14,89969
2010,"Female",15,66704
2010,"Female",16,52597
2010,"Female",17,43408
2010,"Female",18,43589
2011,"Male",1,156391
2011,"Male",2,150901
2011,"Male",3,150295
2011,"Male",4,154934
2011,"Male",5,162837
2011,"Male",6,165381
2011,"Male",7,150039
2011,"Male",8,157473
2011,"Male",9,158701
2011,"Male",10,152761
2011,"Male",11,146561
2011,"Male",12,131660
2011,"Male",13,123606
2011,"Male",14,96189
2011,"Male",15,69939
2011,"Male",16,47873
2011,"Male",17,33823
2011,"Male",18,24595
2011,"Female",1,147939
2011,"Female",2,142847
2011,"Female",3,143465
2011,"Female",4,147927
2011,"Female",5,158933
2011,"Female",6,161562
2011,"Female",7,150975
2011,"Female",8,159972
2011,"Female",9,161462
2011,"Female",10,156552
2011,"Female",11,149603
2011,"Female",12,132437
2011,"Female",13,121806
2011,"Female",14,95034
2011,"Female",15,69458
2011,"Female",16,53413
2011,"Female",17,44150
2011,"Female",18,45284
2012,"Male",1,160065
2012,"Male",2,154776
2012,"Male",3,151609
2012,"Male",4,156201
2012,"Male",5,165752
2012,"Male",6,168762
2012,"Male",7,155382
2012,"Male",8,155878
2012,"Male",9,163592
2012,"Male",10,152606
2012,"Male",11,150474
2012,"Male",12,133723
2012,"Male",13,123428
2012,"Male",14,103071
2012,"Male",15,73247
2012,"Male",16,49709
2012,"Male",17,34408
2012,"Male",18,25946
2012,"Female",1,152249
2012,"Female",2,146152
2012,"Female",3,144225
2012,"Female",4,148926
2012,"Female",5,162604
2012,"Female",6,165794
2012,"Female",7,155232
2012,"Female",8,157927
2012,"Female",9,167389
2012,"Female",10,156374
2012,"Female",11,154059
2012,"Female",12,135647
2012,"Female",13,122241
2012,"Female",14,102072
2012,"Female",15,73093
2012,"Female",16,54838
2012,"Female",17,44389
2012,"Female",18,46847
2013,"Male",1,162515
2013,"Male",2,159609
2013,"Male",3,152465
2013,"Male",4,157117
2013,"Male",5,168333
2013,"Male",6,170857
2013,"Male",7,161405
2013,"Male",8,154298
2013,"Male",9,166825
2013,"Male",10,152638
2013,"Male",11,153410
2013,"Male",12,135710
2013,"Male",13,124612
2013,"Male",14,109118
2013,"Male",15,76074
2013,"Male",16,52015
2013,"Male",17,34990
2013,"Male",18,27276
2013,"Female",1,154411
2013,"Female",2,150588
2013,"Female",3,144561
2013,"Female",4,150436
2013,"Female",5,164718
2013,"Female",6,168539
2013,"Female",7,160707
2013,"Female",8,156582
2013,"Female",9,171229
2013,"Female",10,156570
2013,"Female",11,157504
2013,"Female",12,139077
2013,"Female",13,124673
2013,"Female",14,107853
2013,"Female",15,76884
2013,"Female",16,56344
2013,"Female",17,44245
2013,"Female",18,48636
2014,"Male",1,163160
2014,"Male",2,163781
2014,"Male",3,153731
2014,"Male",4,156864
2014,"Male",5,171534
2014,"Male",6,170756
2014,"Male",7,165087
2014,"Male",8,152545
2014,"Male",9,167652
2014,"Male",10,152876
2014,"Male",11,155160
2014,"Male",12,138573
2014,"Male",13,125399
2014,"Male",14,113373
2014,"Male",15,80085
2014,"Male",16,54711
2014,"Male",17,35557
2014,"Male",18,28719
2014,"Female",1,155069
2014,"Female",2,154430
2014,"Female",3,145634
2014,"Female",4,150596
2014,"Female",5,166480
2014,"Female",6,170266
2014,"Female",7,165268
2014,"Female",8,155553
2014,"Female",9,172137
2014,"Female",10,158231
2014,"Female",11,159659
2014,"Female",12,142516
2014,"Female",13,127425
2014,"Female",14,112145
2014,"Female",15,81124
2014,"Female",16,58965
2014,"Female",17,44269
2014,"Female",18,50323
2015,"Male",1,162472
2015,"Male",2,167157
2015,"Male",3,155016
2015,"Male",4,155985
2015,"Male",5,172448
2015,"Male",6,171925
2015,"Male",7,167254
2015,"Male",8,152625
2015,"Male",9,166463
2015,"Male",10,154981
2015,"Male",11,154855
2015,"Male",12,141468
2015,"Male",13,126376
2015,"Male",14,116971
2015,"Male",15,84532
2015,"Male",16,57664
2015,"Male",17,36100
2015,"Male",18,30147
2015,"Female",1,154732
2015,"Female",2,157987
2015,"Female",3,146998
2015,"Female",4,149854
2015,"Female",5,167670
2015,"Female",6,171911
2015,"Female",7,169369
2015,"Female",8,156271
2015,"Female",9,170964
2015,"Female",10,161492
2015,"Female",11,160226
2015,"Female",12,146041
2015,"Female",13,129641
2015,"Female",14,116363
2015,"Female",15,85758
2015,"Female",16,61553
2015,"Female",17,44642
2015,"Female",18,51781
2016,"Male",1,162602
2016,"Male",2,169527
2016,"Male",3,157403
2016,"Male",4,156725
2016,"Male",5,172656
2016,"Male",6,173347
2016,"Male",7,168749
2016,"Male",8,154378
2016,"Male",9,163289
2016,"Male",10,159511
2016,"Male",11,153319
2016,"Male",12,144940
2016,"Male",13,127778
2016,"Male",14,120214
2016,"Male",15,89276
2016,"Male",16,60452
2016,"Male",17,37411
2016,"Male",18,31596
2016,"Female",1,154727
2016,"Female",2,160999
2016,"Female",3,149161
2016,"Female",4,150549
2016,"Female",5,168848
2016,"Female",6,174567
2016,"Female",7,172910
2016,"Female",8,158844
2016,"Female",9,167683
2016,"Female",10,167493
2016,"Female",11,159506
2016,"Female",12,150144
2016,"Female",13,132272
2016,"Female",14,120922
2016,"Female",15,90315
2016,"Female",16,64557
2016,"Female",17,45148
2016,"Female",18,53334
2017,"Male",1,162518
2017,"Male",2,170870
2017,"Male",3,162199
2017,"Male",4,159219
2017,"Male",5,173171
2017,"Male",6,176087
2017,"Male",7,171114
2017,"Male",8,158566
2017,"Male",9,160772
2017,"Male",10,164746
2017,"Male",11,152797
2017,"Male",12,148585
2017,"Male",13,129934
2017,"Male",14,120260
2017,"Male",15,96656
2017,"Male",16,63911
2017,"Male",17,39135
2017,"Male",18,32610
2017,"Female",1,153823
2017,"Female",2,162880
2017,"Female",3,153137
2017,"Female",4,151441
2017,"Female",5,169180
2017,"Female",6,177853
2017,"Female",7,176198
2017,"Female",8,163296
2017,"Female",9,165298
2017,"Female",10,172214
2017,"Female",11,159209
2017,"Female",12,154821
2017,"Female",13,135417
2017,"Female",14,122255
2017,"Female",15,97775
2017,"Female",16,67697
2017,"Female",17,46744
2017,"Female",18,53992
2018,"Male",1,161660
2018,"Male",2,172359
2018,"Male",3,168184
2018,"Male",4,159932
2018,"Male",5,172601
2018,"Male",6,178468
2018,"Male",7,172494
2018,"Male",8,164477
2018,"Male",9,158270
2018,"Male",10,168839
2018,"Male",11,153012
2018,"Male",12,151824
2018,"Male",13,132754
2018,"Male",14,121433
2018,"Male",15,103130
2018,"Male",16,66887
2018,"Male",17,41223
2018,"Male",18,33461
2018,"Female",1,153006
2018,"Female",2,164032
2018,"Female",3,157999
2018,"Female",4,152096
2018,"Female",5,169718
2018,"Female",6,180560
2018,"Female",7,178132
2018,"Female",8,170088
2018,"Female",9,163920
2018,"Female",10,175781
2018,"Female",11,159021
2018,"Female",12,158461
2018,"Female",13,139284
2018,"Female",14,124863
2018,"Female",15,104654
2018,"Female",16,70872
2018,"Female",17,48458
2018,"Female",18,54670
2019,"Male",1,160529
2019,"Male",2,173150
2019,"Male",3,173913
2019,"Male",4,161234
2019,"Male",5,173212
2019,"Male",6,180970
2019,"Male",7,174361
2019,"Male",8,169586
2019,"Male",9,157466
2019,"Male",10,171263
2019,"Male",11,154281
2019,"Male",12,154738
2019,"Male",13,136562
2019,"Male",14,122761
2019,"Male",15,107895
2019,"Male",16,71077
2019,"Male",17,43718
2019,"Male",18,34617
2019,"Female",1,151629
2019,"Female",2,164666
2019,"Female",3,162824
2019,"Female",4,153318
2019,"Female",5,169911
2019,"Female",6,182686
2019,"Female",7,180512
2019,"Female",8,175839
2019,"Female",9,164423
2019,"Female",10,177080
2019,"Female",11,160262
2019,"Female",12,161583
2019,"Female",13,143447
2019,"Female",14,127957
2019,"Female",15,110143
2019,"Female",16,74845
2019,"Female",17,50978
2019,"Female",18,55411
2020,"Male",1,158375
2020,"Male",2,173354
2020,"Male",3,178661
2020,"Male",4,161984
2020,"Male",5,171777
2020,"Male",6,181197
2020,"Male",7,177215
2020,"Male",8,174547
2020,"Male",9,158637
2020,"Male",10,171954
2020,"Male",11,157975
2020,"Male",12,156379
2020,"Male",13,141074
2020,"Male",14,124947
2020,"Male",15,112067
2020,"Male",16,75830
2020,"Male",17,46562
2020,"Male",18,36003
2020,"Female",1,149449
2020,"Female",2,164156
2020,"Female",3,167629
2020,"Female",4,153830
2020,"Female",5,167911
2020,"Female",6,183037
2020,"Female",7,182717
2020,"Female",8,181057
2020,"Female",9,166906
2020,"Female",10,177216
2020,"Female",11,164097
2020,"Female",12,163639
2020,"Female",13,148597
2020,"Female",14,131185
2020,"Female",15,115655
2020,"Female",16,79872
2020,"Female",17,53460
2020,"Female",18,56662
2021,"Male",1,155549
2021,"Male",2,172978
2021,"Male",3,180836
2021,"Male",4,163340
2021,"Male",5,168920
2021,"Male",6,178193
2021,"Male",7,178976
2021,"Male",8,178566
2021,"Male",9,161969
2021,"Male",10,169461
2021,"Male",11,164593
2021,"Male",12,156075
2021,"Male",13,145470
2021,"Male",14,127241
2021,"Male",15,115687
2021,"Male",16,80717
2021,"Male",17,49187
2021,"Male",18,37785
2021,"Female",1,146133
2021,"Female",2,163433
2021,"Female",3,170108
2021,"Female",4,154990
2021,"Female",5,163349
2021,"Female",6,179078
2021,"Female",7,183945
2021,"Female",8,184594
2021,"Female",9,170605
2021,"Female",10,174377
2021,"Female",11,169808
2021,"Female",12,162654
2021,"Female",13,153298
2021,"Female",14,134165
2021,"Female",15,120855
2021,"Female",16,84971
2021,"Female",17,55854
2021,"Female",18,58054
2022,"Male",1,157848
2022,"Male",2,173219
2022,"Male",3,182429
2022,"Male",4,170026
2022,"Male",5,171090
2022,"Male",6,180286
2022,"Male",7,182410
2022,"Male",8,181905
2022,"Male",9,167997
2022,"Male",10,167321
2022,"Male",11,170241
2022,"Male",12,156266
2022,"Male",13,149675
2022,"Male",14,129819
2022,"Male",15,115974
2022,"Male",16,87878
2022,"Male",17,51921
2022,"Male",18,39484
2022,"Female",1,148685
2022,"Female",2,163297
2022,"Female",3,172858
2022,"Female",4,160732
2022,"Female",5,165410
2022,"Female",6,179776
2022,"Female",7,188387
2022,"Female",8,188856
2022,"Female",9,176278
2022,"Female",10,172906
2022,"Female",11,176124
2022,"Female",12,162495
2022,"Female",13,158102
2022,"Female",14,137609
2022,"Female",15,121995
2022,"Female",16,92952
2022,"Female",17,58865
2022,"Female",18,59825
2001,"Persons",1,243794
2001,"Persons",2,259298
2001,"Persons",3,257491
2001,"Persons",4,257822
2001,"Persons",5,242948
2001,"Persons",6,258018
2001,"Persons",7,264717
2001,"Persons",8,270344
2001,"Persons",9,270450
2001,"Persons",10,249725
2001,"Persons",11,242023
2001,"Persons",12,189331
2001,"Persons",13,149703
2001,"Persons",14,119196
2001,"Persons",15,108786
2001,"Persons",16,87520
2001,"Persons",17,56444
2001,"Persons",18,43859
2002,"Persons",1,246234
2002,"Persons",2,261251
2002,"Persons",3,263913
2002,"Persons",4,261048
2002,"Persons",5,250133
2002,"Persons",6,254204
2002,"Persons",7,273978
2002,"Persons",8,270686
2002,"Persons",9,279650
2002,"Persons",10,255373
2002,"Persons",11,244060
2002,"Persons",12,206149
2002,"Persons",13,157170
2002,"Persons",14,124341
2002,"Persons",15,109968
2002,"Persons",16,89368
2002,"Persons",17,59820
2002,"Persons",18,45777
2003,"Persons",1,249136
2003,"Persons",2,263192
2003,"Persons",3,271030
2003,"Persons",4,263067
2003,"Persons",5,260257
2003,"Persons",6,253744
2003,"Persons",7,282783
2003,"Persons",8,271826
2003,"Persons",9,287250
2003,"Persons",10,263140
2003,"Persons",11,248247
2003,"Persons",12,221966
2003,"Persons",13,164658
2003,"Persons",14,129954
2003,"Persons",15,110547
2003,"Persons",16,91700
2003,"Persons",17,62881
2003,"Persons",18,47743
2004,"Persons",1,252686
2004,"Persons",2,264715
2004,"Persons",3,277053
2004,"Persons",4,266356
2004,"Persons",5,270110
2004,"Persons",6,254823
2004,"Persons",7,287829
2004,"Persons",8,275567
2004,"Persons",9,292964
2004,"Persons",10,271497
2004,"Persons",11,252628
2004,"Persons",12,232978
2004,"Persons",13,174177
2004,"Persons",14,136538
2004,"Persons",15,111015
2004,"Persons",16,93968
2004,"Persons",17,65553
2004,"Persons",18,49513
2005,"Persons",1,257937
2005,"Persons",2,266690
2005,"Persons",3,281826
2005,"Persons",4,271086
2005,"Persons",5,279530
2005,"Persons",6,259002
2005,"Persons",7,289772
2005,"Persons",8,282539
2005,"Persons",9,296180
2005,"Persons",10,279236
2005,"Persons",11,257340
2005,"Persons",12,241651
2005,"Persons",13,184879
2005,"Persons",14,143001
2005,"Persons",15,112001
2005,"Persons",16,95209
2005,"Persons",17,67962
2005,"Persons",18,52653
2006,"Persons",1,263024
2006,"Persons",2,270479
2006,"Persons",3,284376
2006,"Persons",4,276653
2006,"Persons",5,287931
2006,"Persons",6,267436
2006,"Persons",7,287650
2006,"Persons",8,294273
2006,"Persons",9,296377
2006,"Persons",10,287466
2006,"Persons",11,262954
2006,"Persons",12,249271
2006,"Persons",13,195086
2006,"Persons",14,148461
2006,"Persons",15,113998
2006,"Persons",16,96703
2006,"Persons",17,69805
2006,"Persons",18,56049
2007,"Persons",1,274026
2007,"Persons",2,274162
2007,"Persons",3,285847
2007,"Persons",4,285158
2007,"Persons",5,295146
2007,"Persons",6,279683
2007,"Persons",7,286709
2007,"Persons",8,307116
2007,"Persons",9,296441
2007,"Persons",10,296891
2007,"Persons",11,268299
2007,"Persons",12,249301
2007,"Persons",13,210850
2007,"Persons",14,155584
2007,"Persons",15,117705
2007,"Persons",16,97580
2007,"Persons",17,71219
2007,"Persons",18,59301
2008,"Persons",1,287464
2008,"Persons",2,277331
2008,"Persons",3,288551
2008,"Persons",4,293429
2008,"Persons",5,302810
2008,"Persons",6,295298
2008,"Persons",7,287417
2008,"Persons",8,317688
2008,"Persons",9,297856
2008,"Persons",10,304926
2008,"Persons",11,274076
2008,"Persons",12,252542
2008,"Persons",13,223666
2008,"Persons",14,162231
2008,"Persons",15,121698
2008,"Persons",16,97840
2008,"Persons",17,73082
2008,"Persons",18,61600
2009,"Persons",1,299058
2009,"Persons",2,282182
2009,"Persons",3,290707
2009,"Persons",4,299968
2009,"Persons",5,313364
2009,"Persons",6,312139
2009,"Persons",7,290831
2009,"Persons",8,323289
2009,"Persons",9,301900
2009,"Persons",10,310321
2009,"Persons",11,281500
2009,"Persons",12,255768
2009,"Persons",13,232255
2009,"Persons",14,171215
2009,"Persons",15,127308
2009,"Persons",16,98054
2009,"Persons",17,74815
2009,"Persons",18,64097
2010,"Persons",1,304196
2010,"Persons",2,287089
2010,"Persons",3,291167
2010,"Persons",4,302122
2010,"Persons",5,318519
2010,"Persons",6,321710
2010,"Persons",7,294302
2010,"Persons",8,322677
2010,"Persons",9,308129
2010,"Persons",10,311129
2010,"Persons",11,288207
2010,"Persons",12,259150
2010,"Persons",13,239144
2010,"Persons",14,181255
2010,"Persons",15,133424
2010,"Persons",16,99195
2010,"Persons",17,76380
2010,"Persons",18,66949
2011,"Persons",1,304330
2011,"Persons",2,293748
2011,"Persons",3,293760
2011,"Persons",4,302861
2011,"Persons",5,321770
2011,"Persons",6,326943
2011,"Persons",7,301014
2011,"Persons",8,317445
2011,"Persons",9,320163
2011,"Persons",10,309313
2011,"Persons",11,296164
2011,"Persons",12,264097
2011,"Persons",13,245412
2011,"Persons",14,191223
2011,"Persons",15,139397
2011,"Persons",16,101286
2011,"Persons",17,77973
2011,"Persons",18,69879
2012,"Persons",1,312314
2012,"Persons",2,300928
2012,"Persons",3,295834
2012,"Persons",4,305127
2012,"Persons",5,328356
2012,"Persons",6,334556
2012,"Persons",7,310614
2012,"Persons",8,313805
2012,"Persons",9,330981
2012,"Persons",10,308980
2012,"Persons",11,304533
2012,"Persons",12,269370
2012,"Persons",13,245669
2012,"Persons",14,205143
2012,"Persons",15,146340
2012,"Persons",16,104547
2012,"Persons",17,78797
2012,"Persons",18,72793
2013,"Persons",1,316926
2013,"Persons",2,310197
2013,"Persons",3,297026
2013,"Persons",4,307553
2013,"Persons",5,333051
2013,"Persons",6,339396
2013,"Persons",7,322112
2013,"Persons",8,310880
2013,"Persons",9,338054
2013,"Persons",10,309208
2013,"Persons",11,310914
2013,"Persons",12,274787
2013,"Persons",13,249285
2013,"Persons",14,216971
2013,"Persons",15,152958
2013,"Persons",16,108359
2013,"Persons",17,79235
2013,"Persons",18,75912
2014,"Persons",1,318229
2014,"Persons",2,318211
2014,"Persons",3,299365
2014,"Persons",4,307460
2014,"Persons",5,338014
2014,"Persons",6,341022
2014,"Persons",7,330355
2014,"Persons",8,308098
2014,"Persons",9,339789
2014,"Persons",10,311107
2014,"Persons",11,314819
2014,"Persons",12,281089
2014,"Persons",13,252824
2014,"Persons",14,225518
2014,"Persons",15,161209
2014,"Persons",16,113676
2014,"Persons",17,79826
2014,"Persons",18,79042
2015,"Persons",1,317204
2015,"Persons",2,325144
2015,"Persons",3,302014
2015,"Persons",4,305839
2015,"Persons",5,340118
2015,"Persons",6,343836
2015,"Persons",7,336623
2015,"Persons",8,308896
2015,"Persons",9,337427
2015,"Persons",10,316473
2015,"Persons",11,315081
2015,"Persons",12,287509
2015,"Persons",13,256017
2015,"Persons",14,233334
2015,"Persons",15,170290
2015,"Persons",16,119217
2015,"Persons",17,80742
2015,"Persons",18,81928
2016,"Persons",1,317329
2016,"Persons",2,330526
2016,"Persons",3,306564
2016,"Persons",4,307274
2016,"Persons",5,341504
2016,"Persons",6,347914
2016,"Persons",7,341659
2016,"Persons",8,313222
2016,"Persons",9,330972
2016,"Persons",10,327004
2016,"Persons",11,312825
2016,"Persons",12,295084
2016,"Persons",13,260050
2016,"Persons",14,241136
2016,"Persons",15,179591
2016,"Persons",16,125009
2016,"Persons",17,82559
2016,"Persons",18,84930
2017,"Persons",1,316341
2017,"Persons",2,333750
2017,"Persons",3,315336
2017,"Persons",4,310660
2017,"Persons",5,342351
2017,"Persons",6,353940
2017,"Persons",7,347312
2017,"Persons",8,321862
2017,"Persons",9,326070
2017,"Persons",10,336960
2017,"Persons",11,312006
2017,"Persons",12,303406
2017,"Persons",13,265351
2017,"Persons",14,242515
2017,"Persons",15,194431
2017,"Persons",16,131608
2017,"Persons",17,85879
2017,"Persons",18,86602
2018,"Persons",1,314666
2018,"Persons",2,336391
2018,"Persons",3,326183
2018,"Persons",4,312028
2018,"Persons",5,342319
2018,"Persons",6,359028
2018,"Persons",7,350626
2018,"Persons",8,334565
2018,"Persons",9,322190
2018,"Persons",10,344620
2018,"Persons",11,312033
2018,"Persons",12,310285
2018,"Persons",13,272038
2018,"Persons",14,246296
2018,"Persons",15,207784
2018,"Persons",16,137759
2018,"Persons",17,89681
2018,"Persons",18,88131
2019,"Persons",1,312158
2019,"Persons",2,337816
2019,"Persons",3,336737
2019,"Persons",4,314552
2019,"Persons",5,343123
2019,"Persons",6,363656
2019,"Persons",7,354873
2019,"Persons",8,345425
2019,"Persons",9,321889
2019,"Persons",10,348343
2019,"Persons",11,314543
2019,"Persons",12,316321
2019,"Persons",13,280009
2019,"Persons",14,250718
2019,"Persons",15,218038
2019,"Persons",16,145922
2019,"Persons",17,94696
2019,"Persons",18,90028
2020,"Persons",1,307824
2020,"Persons",2,337510
2020,"Persons",3,346290
2020,"Persons",4,315814
2020,"Persons",5,339688
2020,"Persons",6,364234
2020,"Persons",7,359932
2020,"Persons",8,355604
2020,"Persons",9,325543
2020,"Persons",10,349170
2020,"Persons",11,322072
2020,"Persons",12,320018
2020,"Persons",13,289671
2020,"Persons",14,256132
2020,"Persons",15,227722
2020,"Persons",16,155702
2020,"Persons",17,100022
2020,"Persons",18,92665
2021,"Persons",1,301682
2021,"Persons",2,336411
2021,"Persons",3,350944
2021,"Persons",4,318330
2021,"Persons",5,332269
2021,"Persons",6,357271
2021,"Persons",7,362921
2021,"Persons",8,363160
2021,"Persons",9,332574
2021,"Persons",10,343838
2021,"Persons",11,334401
2021,"Persons",12,318729
2021,"Persons",13,298768
2021,"Persons",14,261406
2021,"Persons",15,236542
2021,"Persons",16,165688
2021,"Persons",17,105041
2021,"Persons",18,95839
2022,"Persons",1,306533
2022,"Persons",2,336516
2022,"Persons",3,355287
2022,"Persons",4,330758
2022,"Persons",5,336500
2022,"Persons",6,360062
2022,"Persons",7,370797
2022,"Persons",8,370761
2022,"Persons",9,344275
2022,"Persons",10,340227
2022,"Persons",11,346365
2022,"Persons",12,318761
2022,"Persons",13,307777
2022,"Persons",14,267428
2022,"Persons",15,237969
2022,"Persons",16,180830
2022,"Persons",17,110786
2022,"Persons",18,99309
